[{"model": "auth.permission", "pk": 1, "fields": {"name": "Can add log entry", "content_type": 1, "codename": "add_logentry"}}, {"model": "auth.permission", "pk": 2, "fields": {"name": "Can change log entry", "content_type": 1, "codename": "change_logentry"}}, {"model": "auth.permission", "pk": 3, "fields": {"name": "Can delete log entry", "content_type": 1, "codename": "delete_logentry"}}, {"model": "auth.permission", "pk": 4, "fields": {"name": "Can view log entry", "content_type": 1, "codename": "view_logentry"}}, {"model": "auth.permission", "pk": 5, "fields": {"name": "Can add permission", "content_type": 2, "codename": "add_permission"}}, {"model": "auth.permission", "pk": 6, "fields": {"name": "Can change permission", "content_type": 2, "codename": "change_permission"}}, {"model": "auth.permission", "pk": 7, "fields": {"name": "Can delete permission", "content_type": 2, "codename": "delete_permission"}}, {"model": "auth.permission", "pk": 8, "fields": {"name": "Can view permission", "content_type": 2, "codename": "view_permission"}}, {"model": "auth.permission", "pk": 9, "fields": {"name": "Can add group", "content_type": 3, "codename": "add_group"}}, {"model": "auth.permission", "pk": 10, "fields": {"name": "Can change group", "content_type": 3, "codename": "change_group"}}, {"model": "auth.permission", "pk": 11, "fields": {"name": "Can delete group", "content_type": 3, "codename": "delete_group"}}, {"model": "auth.permission", "pk": 12, "fields": {"name": "Can view group", "content_type": 3, "codename": "view_group"}}, {"model": "auth.permission", "pk": 13, "fields": {"name": "Can add user", "content_type": 4, "codename": "add_user"}}, {"model": "auth.permission", "pk": 14, "fields": {"name": "Can change user", "content_type": 4, "codename": "change_user"}}, {"model": "auth.permission", "pk": 15, "fields": {"name": "Can delete user", "content_type": 4, "codename": "delete_user"}}, {"model": "auth.permission", "pk": 16, "fields": {"name": "Can view user", "content_type": 4, "codename": "view_user"}}, {"model": "auth.permission", "pk": 17, "fields": {"name": "Can add content type", "content_type": 5, "codename": "add_contenttype"}}, {"model": "auth.permission", "pk": 18, "fields": {"name": "Can change content type", "content_type": 5, "codename": "change_contenttype"}}, {"model": "auth.permission", "pk": 19, "fields": {"name": "Can delete content type", "content_type": 5, "codename": "delete_contenttype"}}, {"model": "auth.permission", "pk": 20, "fields": {"name": "Can view content type", "content_type": 5, "codename": "view_contenttype"}}, {"model": "auth.permission", "pk": 21, "fields": {"name": "Can add session", "content_type": 6, "codename": "add_session"}}, {"model": "auth.permission", "pk": 22, "fields": {"name": "Can change session", "content_type": 6, "codename": "change_session"}}, {"model": "auth.permission", "pk": 23, "fields": {"name": "Can delete session", "content_type": 6, "codename": "delete_session"}}, {"model": "auth.permission", "pk": 24, "fields": {"name": "Can view session", "content_type": 6, "codename": "view_session"}}, {"model": "auth.permission", "pk": 25, "fields": {"name": "Can add Сделка", "content_type": 7, "codename": "add_deal"}}, {"model": "auth.permission", "pk": 26, "fields": {"name": "Can change Сделка", "content_type": 7, "codename": "change_deal"}}, {"model": "auth.permission", "pk": 27, "fields": {"name": "Can delete Сделка", "content_type": 7, "codename": "delete_deal"}}, {"model": "auth.permission", "pk": 28, "fields": {"name": "Can view Сделка", "content_type": 7, "codename": "view_deal"}}, {"model": "auth.permission", "pk": 29, "fields": {"name": "Can add Позиция заказа", "content_type": 8, "codename": "add_dealitem"}}, {"model": "auth.permission", "pk": 30, "fields": {"name": "Can change Позиция заказа", "content_type": 8, "codename": "change_dealitem"}}, {"model": "auth.permission", "pk": 31, "fields": {"name": "Can delete Позиция заказа", "content_type": 8, "codename": "delete_dealitem"}}, {"model": "auth.permission", "pk": 32, "fields": {"name": "Can view Позиция заказа", "content_type": 8, "codename": "view_dealitem"}}, {"model": "auth.permission", "pk": 33, "fields": {"name": "Can add Клиент", "content_type": 9, "codename": "add_client"}}, {"model": "auth.permission", "pk": 34, "fields": {"name": "Can change Клиент", "content_type": 9, "codename": "change_client"}}, {"model": "auth.permission", "pk": 35, "fields": {"name": "Can delete Клиент", "content_type": 9, "codename": "delete_client"}}, {"model": "auth.permission", "pk": 36, "fields": {"name": "Can view Клиент", "content_type": 9, "codename": "view_client"}}, {"model": "auth.permission", "pk": 37, "fields": {"name": "Can add Ткань", "content_type": 10, "codename": "add_fabric"}}, {"model": "auth.permission", "pk": 38, "fields": {"name": "Can change Ткань", "content_type": 10, "codename": "change_fabric"}}, {"model": "auth.permission", "pk": 39, "fields": {"name": "Can delete Ткань", "content_type": 10, "codename": "delete_fabric"}}, {"model": "auth.permission", "pk": 40, "fields": {"name": "Can view Ткань", "content_type": 10, "codename": "view_fabric"}}, {"model": "auth.permission", "pk": 41, "fields": {"name": "Can add Цвет ткани", "content_type": 11, "codename": "add_fabriccolor"}}, {"model": "auth.permission", "pk": 42, "fields": {"name": "Can change Цвет ткани", "content_type": 11, "codename": "change_fabriccolor"}}, {"model": "auth.permission", "pk": 43, "fields": {"name": "Can delete Цвет ткани", "content_type": 11, "codename": "delete_fabriccolor"}}, {"model": "auth.permission", "pk": 44, "fields": {"name": "Can view Цвет ткани", "content_type": 11, "codename": "view_fabriccolor"}}, {"model": "auth.permission", "pk": 45, "fields": {"name": "Can add Рулон ткани", "content_type": 12, "codename": "add_fabricroll"}}, {"model": "auth.permission", "pk": 46, "fields": {"name": "Can change Рулон ткани", "content_type": 12, "codename": "change_fabricroll"}}, {"model": "auth.permission", "pk": 47, "fields": {"name": "Can delete Рулон ткани", "content_type": 12, "codename": "delete_fabricroll"}}, {"model": "auth.permission", "pk": 48, "fields": {"name": "Can view Рулон ткани", "content_type": 12, "codename": "view_fabricroll"}}, {"model": "auth.permission", "pk": 49, "fields": {"name": "Can add Настройки системы", "content_type": 13, "codename": "add_systemsettings"}}, {"model": "auth.permission", "pk": 50, "fields": {"name": "Can change Настройки системы", "content_type": 13, "codename": "change_systemsettings"}}, {"model": "auth.permission", "pk": 51, "fields": {"name": "Can delete Настройки системы", "content_type": 13, "codename": "delete_systemsettings"}}, {"model": "auth.permission", "pk": 52, "fields": {"name": "Can view Настройки системы", "content_type": 13, "codename": "view_systemsettings"}}, {"model": "auth.permission", "pk": 53, "fields": {"name": "Can add Системные настройки", "content_type": 14, "codename": "add_systemsettings"}}, {"model": "auth.permission", "pk": 54, "fields": {"name": "Can change Системные настройки", "content_type": 14, "codename": "change_systemsettings"}}, {"model": "auth.permission", "pk": 55, "fields": {"name": "Can delete Системные настройки", "content_type": 14, "codename": "delete_systemsettings"}}, {"model": "auth.permission", "pk": 56, "fields": {"name": "Can view Системные настройки", "content_type": 14, "codename": "view_systemsettings"}}, {"model": "auth.permission", "pk": 57, "fields": {"name": "Can add Профиль пользователя", "content_type": 15, "codename": "add_userprofile"}}, {"model": "auth.permission", "pk": 58, "fields": {"name": "Can change Профиль пользователя", "content_type": 15, "codename": "change_userprofile"}}, {"model": "auth.permission", "pk": 59, "fields": {"name": "Can delete Профиль пользователя", "content_type": 15, "codename": "delete_userprofile"}}, {"model": "auth.permission", "pk": 60, "fields": {"name": "Can view Профиль пользователя", "content_type": 15, "codename": "view_userprofile"}}, {"model": "auth.permission", "pk": 61, "fields": {"name": "Can add Лог активности", "content_type": 16, "codename": "add_activitylog"}}, {"model": "auth.permission", "pk": 62, "fields": {"name": "Can change Лог активности", "content_type": 16, "codename": "change_activitylog"}}, {"model": "auth.permission", "pk": 63, "fields": {"name": "Can delete Лог активности", "content_type": 16, "codename": "delete_activitylog"}}, {"model": "auth.permission", "pk": 64, "fields": {"name": "Can view Лог активности", "content_type": 16, "codename": "view_activitylog"}}, {"model": "auth.group", "pk": 1, "fields": {"name": "Admin", "permissions": []}}, {"model": "auth.group", "pk": 2, "fields": {"name": "Accountant", "permissions": []}}, {"model": "auth.group", "pk": 3, "fields": {"name": "Warehouse", "permissions": []}}, {"model": "auth.user", "pk": 1, "fields": {"password": "pbkdf2_sha256$600000$iUYxUtyFBfNJZ8udHRTzDf$5m/2iaL47Fmv9tBcIrN9UCHDKFlkPBtG0EtkonNpfJI=", "last_login": "2025-07-30T10:36:59.723Z", "is_superuser": false, "username": "admin", "first_name": "", "last_name": "", "email": "admin@example.com", "is_staff": false, "is_active": true, "date_joined": "2025-07-26T13:14:53.796Z", "groups": [1], "user_permissions": []}}, {"model": "auth.user", "pk": 2, "fields": {"password": "pbkdf2_sha256$600000$kvbxywAOqJwx0xMWH3ZjtS$7sV3bFHleTdJVNoRW+UpwPNiV7as58S7GLPmwQ9l/zY=", "last_login": "2025-07-30T11:49:25.843Z", "is_superuser": false, "username": "accountant", "first_name": "", "last_name": "", "email": "accountant@example.com", "is_staff": false, "is_active": true, "date_joined": "2025-07-26T13:14:53.997Z", "groups": [2], "user_permissions": []}}, {"model": "auth.user", "pk": 3, "fields": {"password": "pbkdf2_sha256$600000$8Zc808UvOHVOeiP4z0dkxI$RnjjN7W1KNEOwH2RynhHwO4BqYCi89saVwYR9MNetHQ=", "last_login": "2025-07-30T11:52:59.042Z", "is_superuser": false, "username": "warehouse", "first_name": "", "last_name": "", "email": "warehouse@example.com", "is_staff": false, "is_active": true, "date_joined": "2025-07-26T13:14:54.189Z", "groups": [3], "user_permissions": []}}, {"model": "contenttypes.contenttype", "pk": 1, "fields": {"app_label": "admin", "model": "logentry"}}, {"model": "contenttypes.contenttype", "pk": 2, "fields": {"app_label": "auth", "model": "permission"}}, {"model": "contenttypes.contenttype", "pk": 3, "fields": {"app_label": "auth", "model": "group"}}, {"model": "contenttypes.contenttype", "pk": 4, "fields": {"app_label": "auth", "model": "user"}}, {"model": "contenttypes.contenttype", "pk": 5, "fields": {"app_label": "contenttypes", "model": "contenttype"}}, {"model": "contenttypes.contenttype", "pk": 6, "fields": {"app_label": "sessions", "model": "session"}}, {"model": "contenttypes.contenttype", "pk": 7, "fields": {"app_label": "deals", "model": "deal"}}, {"model": "contenttypes.contenttype", "pk": 8, "fields": {"app_label": "deals", "model": "dealitem"}}, {"model": "contenttypes.contenttype", "pk": 9, "fields": {"app_label": "clients", "model": "client"}}, {"model": "contenttypes.contenttype", "pk": 10, "fields": {"app_label": "fabrics", "model": "fabric"}}, {"model": "contenttypes.contenttype", "pk": 11, "fields": {"app_label": "fabrics", "model": "fabriccolor"}}, {"model": "contenttypes.contenttype", "pk": 12, "fields": {"app_label": "fabrics", "model": "fabricroll"}}, {"model": "contenttypes.contenttype", "pk": 13, "fields": {"app_label": "finances", "model": "systemsettings"}}, {"model": "contenttypes.contenttype", "pk": 14, "fields": {"app_label": "core", "model": "systemsettings"}}, {"model": "contenttypes.contenttype", "pk": 15, "fields": {"app_label": "core", "model": "userprofile"}}, {"model": "contenttypes.contenttype", "pk": 16, "fields": {"app_label": "core", "model": "activitylog"}}, {"model": "sessions.session", "pk": "22pt6j03n203m1yj94dqrdi2k6njfml4", "fields": {"session_data": ".eJxVjDsOwjAQBe_iGln2bvyjpM8ZrPUPB5AjxUmFuDuylALaNzPvzTwde_VHz5tfErsyZJffLVB85jZAelC7rzyubd-WwIfCT9r5vKb8up3u30GlXkctNUqTpCougsioCsrJBAvBkkRhpQOXkw4xmGgMJQfGFV00AJYyCcU-X8qmN08:1ufh8O:hNKYXYC2K21WiXpFMYqg-IeEwohy6kqnn1EbiElM1pQ", "expire_date": "2025-08-09T15:48:28.469Z"}}, {"model": "sessions.session", "pk": "27g9uw794se4f5p7rybrga8bse18k621", "fields": {"session_data": ".eJxVjMsOwiAQRf-FtSHA8HTp3m8gwwBSNTQp7cr479qkC93ec859sYjb2uI2yhKnzM5MstPvlpAepe8g37HfZk5zX5cp8V3hBx38OufyvBzu30HD0b61T0lQrtoZIiAbkgCnbUWPFKoRwVmVrNTaQJWGQpFeGihKBSBAqJa9P-gON3k:1ugk1v:-EiLdO1HpIBJZe9TKljs_iHa96RkxADIMkOzgrefO48", "expire_date": "2025-08-12T13:06:07.505Z"}}, {"model": "sessions.session", "pk": "7oqkphqhat4p0i87lr1ssdo3fvk6av94", "fields": {"session_data": ".eJxVjEEOwiAQRe_C2pAOwlBcuu8ZyAxMpWpoUtqV8e7apAvd_vfef6lI21ri1mSJU1YXBer0uzGlh9Qd5DvV26zTXNdlYr0r-qBND3OW5_Vw_w4KtfKtPYsFEwKfAdxIGLIR6jEbJPI-WOMogQdEToIjp47EuT6Q62wANE69P9vgN3Y:1ufgI1:jXcACBELVz5RCSM5i9UvQK3-vmo2iYD944AA6XJX6zQ", "expire_date": "2025-08-09T14:54:21.236Z"}}, {"model": "sessions.session", "pk": "8ec9tzhb9axfs4p63pufxr7r1i592tes", "fields": {"session_data": ".eJxVjEEOwiAQRe_C2hCwwowu3fcMZBgGqRpISrsy3l2bdKHb_977LxVoXUpYu8xhSuqijurwu0Xih9QNpDvVW9Pc6jJPUW-K3mnXY0vyvO7u30GhXr51Rk-AGR0iGDgJARNDtCgDWBLv2FtMQ8IzJ0QnQGSy85yzZzHg1PsD6q04YA:1uh2Zt:WcE46k0dORKnJwo9pP_EdvmUAOxlZ4zMVn9oe4JdLxE", "expire_date": "2025-08-13T08:54:25.201Z"}}, {"model": "sessions.session", "pk": "9x1adthj0wv1ohi8k8jjcfgyz0xmx4xn", "fields": {"session_data": ".eJxVjMsOwiAQRf-FtSHDaxCX7v0GAsNUqoYmpV0Z_92QdKHbe865bxHTvtW4d17jXMRFGHH63XKiJ7cByiO1-yJpads6ZzkUedAub0vh1_Vw_w5q6nXUlhQkRCgBPTttXPC-WGZyEJQGnDwbxWgnDgSKTHHGBtJ0Jo8ZtPh8AczNN0k:1ugvwh:nd_lvi4R_MYiyV8hOvWeuQRnbto-ILN9IEn8UFdy9b4", "expire_date": "2025-08-13T01:49:31.766Z"}}, {"model": "sessions.session", "pk": "a5i3lglga8ch0m43u3vruqglksteyr7y", "fields": {"session_data": ".eJxVjEEOwiAQRe_C2hAKDKJL956BzAyDVA1NSrsy3l2bdKHb_977L5VwXWpau8xpzOqsBnX43Qj5IW0D-Y7tNmme2jKPpDdF77Tr65Tledndv4OKvX5rsgAcoyESOQX2aLD4wGRjoOgGygUlFlc8CTCQAX_MlkpAB9Y6tOr9AQizOLE:1ugjCn:Ovs7_dsLIAzL7IaRkoU89S12nHODBuUEsgTG3Ynz1Ag", "expire_date": "2025-08-12T12:13:17.262Z"}}, {"model": "sessions.session", "pk": "agiljay73gzrjtiqgpix51k5lj6apwcz", "fields": {"session_data": ".eJxVjMsOwiAQRf-FtSHA8HTp3m8gwwBSNTQp7cr479qkC93ec859sYjb2uI2yhKnzM5MstPvlpAepe8g37HfZk5zX5cp8V3hBx38OufyvBzu30HD0b61T0lQrtoZIiAbkgCnbUWPFKoRwVmVrNTaQJWGQpFeGihKBSBAqJa9P-gON3k:1uh4B9:DIdvF6CMiTz1zDxkxFyrFAWb5wXbHAkcYOFG0x9Dyos", "expire_date": "2025-08-13T10:36:59.728Z"}}, {"model": "sessions.session", "pk": "gr6z4xycbi68623qx7h26l6dkb4f2x9r", "fields": {"session_data": ".eJxVjEEOwiAQRe_C2pAyCAWX7nsGMsNQqRpISrsy3l1JutDdz38v7yUC7lsOe0trWFhcBIjT70cYH6l0wHcstypjLdu6kOyKPGiTU-X0vB7uXyBjyz3rxsSaPc4wgHJWWY5gTDJoHBKpkRitpu8EUhGUsQOcHZnIs9c-evH-AOjbOCE:1uguj0:2KaX8msKiJKMXNMqH0NnJBvKykzfEtX7BowHcTBZ09I", "expire_date": "2025-08-13T00:31:18.257Z"}}, {"model": "sessions.session", "pk": "jg5vi4572bs47cmv0o0sk7rf5394b060", "fields": {"session_data": ".eJxVjMsOwiAQRf-FtSHA8HTp3m8gwwBSNTQp7cr479qkC93ec859sYjb2uI2yhKnzM5MstPvlpAepe8g37HfZk5zX5cp8V3hBx38OufyvBzu30HD0b61T0lQrtoZIiAbkgCnbUWPFKoRwVmVrNTaQJWGQpFeGihKBSBAqJa9P-gON3k:1ugjwD:og0IAPqzEbqCG7MGv6yJiWsZB0cVgQYUe2wSlJrHF3Q", "expire_date": "2025-08-12T13:00:13.366Z"}}, {"model": "sessions.session", "pk": "k0cp1z7b8mpen5zv06aqdkz1r99kflpo", "fields": {"session_data": ".eJxVjMsOwiAQRf-FtSHA8HTp3m8gwwBSNTQp7cr479qkC93ec859sYjb2uI2yhKnzM5MstPvlpAepe8g37HfZk5zX5cp8V3hBx38OufyvBzu30HD0b61T0lQrtoZIiAbkgCnbUWPFKoRwVmVrNTaQJWGQpFeGihKBSBAqJa9P-gON3k:1ugyZe:qzZLse5pr_MhW2t1l4wkw3T9wL_zhxw0kg5-Si_0U6M", "expire_date": "2025-08-13T04:37:54.295Z"}}, {"model": "sessions.session", "pk": "kp4c6kkkkicckza2wy07r0mzma7jxpyc", "fields": {"session_data": ".eJxVjMsOwiAQRf-FtSHA8HTp3m8gwwBSNTQp7cr479qkC93ec859sYjb2uI2yhKnzM5MstPvlpAepe8g37HfZk5zX5cp8V3hBx38OufyvBzu30HD0b61T0lQrtoZIiAbkgCnbUWPFKoRwVmVrNTaQJWGQpFeGihKBSBAqJa9P-gON3k:1ugySZ:_IXEhWkSncJTVtwIkZzX68YIoMQQ0JUqz99xbEueDSA", "expire_date": "2025-08-13T04:30:35.354Z"}}, {"model": "sessions.session", "pk": "nuo272f5pkoi1wtqrmp8z798qidih0ez", "fields": {"session_data": ".eJxVjDsOwjAQRO_iGlmOfziU9JzB2vXu4gBKpDipEHcnkVJAN5r3Zt4qw7rUvDae80Dqoqw6_XYI5cnjDugB433SZRqXeUC9K_qgTd8m4tf1cP8OKrS6rcV1JUQgb4Jn15-DOIDIBmWLLCg2Jp-sCOKmFBQ2HJLryHeUJPTq8wX7-zie:1uh5JF:y2g5yiknO4dOivc1Yd_FK1sVOITCMrRpsQar99TmG8I", "expire_date": "2025-08-13T11:49:25.847Z"}}, {"model": "sessions.session", "pk": "pzy3312yijgqaohr1b61s5dzjvror8vt", "fields": {"session_data": ".eJxVjEEOwiAQRe_C2pAOwlBcuu8ZyAxMpWpoUtqV8e7apAvd_vfef6lI21ri1mSJU1YXBer0uzGlh9Qd5DvV26zTXNdlYr0r-qBND3OW5_Vw_w4KtfKtPYsFEwKfAdxIGLIR6jEbJPI-WOMogQdEToIjp47EuT6Q62wANE69P9vgN3Y:1ugBMd:xfJza2bTrGtTblh6xF7owkVLuNNnkBsUVxJUA02_g-I", "expire_date": "2025-08-11T00:05:11.419Z"}}, {"model": "sessions.session", "pk": "vdcmt2qhejq4f3jo2cxbc8ud92k4xzou", "fields": {"session_data": ".eJxVjMsOwiAQRf-FtSHDu7h07zcQmAGpGkhKuzL-uzbpQrf3nHNfLMRtrWEbeQkzsTNT7PS7pYiP3HZA99hunWNv6zInviv8oINfO-Xn5XD_Dmoc9VtLj8JZp8AoW8B4iyghwoTeOZsmcFpYEsULraQEobVxCTVkKkQmZcPeH6HENrA:1uh5Mh:V6q4hiXhjleRFVC3fZg2yNT51EL8sI5cFBxnv5mHvXE", "expire_date": "2025-08-13T11:52:59.046Z"}}, {"model": "clients.client", "pk": 1, "fields": {"nickname": "АНЕЛЬ", "full_name": null, "phone": "77", "email": null, "address": null, "notes": "", "created_at": "2025-07-26T13:46:13.373Z"}}, {"model": "clients.client", "pk": 2, "fields": {"nickname": "сережа", "full_name": null, "phone": "5", "email": null, "address": null, "notes": "", "created_at": "2025-07-26T14:02:18.066Z"}}, {"model": "clients.client", "pk": 3, "fields": {"nickname": "Перезат", "full_name": null, "phone": "еее", "email": null, "address": null, "notes": "", "created_at": "2025-07-29T13:03:25.484Z"}}, {"model": "clients.client", "pk": 4, "fields": {"nickname": "Нарина", "full_name": null, "phone": "1", "email": null, "address": null, "notes": "", "created_at": "2025-07-29T14:47:43.600Z"}}, {"model": "clients.client", "pk": 5, "fields": {"nickname": "Баглан 1171", "full_name": null, "phone": "1171", "email": null, "address": null, "notes": "", "created_at": "2025-07-30T11:28:14.207Z"}}, {"model": "fabrics.fabric", "pk": 1, "fields": {"name": "Двухсторонний блэкаут (Китайский)", "description": "", "cost_price": "2000.00", "selling_price": "4000.00", "created_at": "2025-07-26T13:32:22.532Z"}}, {"model": "fabrics.fabric", "pk": 3, "fields": {"name": "2178", "description": "", "cost_price": "3000.00", "selling_price": "3500.00", "created_at": "2025-07-29T11:00:49.702Z"}}, {"model": "fabrics.fabric", "pk": 6, "fields": {"name": "Французский", "description": "", "cost_price": "1.00", "selling_price": "1.00", "created_at": "2025-07-29T13:04:03.490Z"}}, {"model": "fabrics.fabric", "pk": 7, "fields": {"name": "863", "description": "", "cost_price": "7400.00", "selling_price": "8400.00", "created_at": "2025-07-29T13:04:26.425Z"}}, {"model": "fabrics.fabric", "pk": 8, "fields": {"name": "Лента", "description": "", "cost_price": "1433.00", "selling_price": "1800.00", "created_at": "2025-07-29T13:05:09.907Z"}}, {"model": "fabrics.fabric", "pk": 9, "fields": {"name": "6053", "description": "", "cost_price": "5600.00", "selling_price": "6000.00", "created_at": "2025-07-29T13:14:47Z"}}, {"model": "fabrics.fabric", "pk": 10, "fields": {"name": "Питек Китай", "description": "", "cost_price": "1500.00", "selling_price": "2150.00", "created_at": "2025-07-29T14:28:21.932Z"}}, {"model": "fabrics.fabric", "pk": 14, "fields": {"name": "Хасир", "description": "", "cost_price": "6300.00", "selling_price": "7300.00", "created_at": "2025-07-30T10:41:41.143Z"}}, {"model": "fabrics.fabric", "pk": 15, "fields": {"name": "Двухсторонный Турция", "description": "", "cost_price": "4500.00", "selling_price": "6200.00", "created_at": "2025-07-30T11:17:54.754Z"}}, {"model": "fabrics.fabric", "pk": 17, "fields": {"name": "Хюррем", "description": "", "cost_price": "2800.00", "selling_price": "3500.00", "created_at": "2025-07-30T11:45:44.880Z"}}, {"model": "fabrics.fabriccolor", "pk": 1, "fields": {"fabric": 1, "color_name": "100", "color_number": "990", "color_hex": "#CCCCCC", "created_at": "2025-07-26T13:32:43.037Z"}}, {"model": "fabrics.fabriccolor", "pk": 2, "fields": {"fabric": 1, "color_name": "101", "color_number": "839", "color_hex": "#CCCCCC", "created_at": "2025-07-26T13:33:21.077Z"}}, {"model": "fabrics.fabriccolor", "pk": 3, "fields": {"fabric": 1, "color_name": "102", "color_number": "694", "color_hex": "#CCCCCC", "created_at": "2025-07-26T13:33:34.657Z"}}, {"model": "fabrics.fabriccolor", "pk": 4, "fields": {"fabric": 1, "color_name": "103", "color_number": "373", "color_hex": "#CCCCCC", "created_at": "2025-07-26T13:34:22.489Z"}}, {"model": "fabrics.fabriccolor", "pk": 5, "fields": {"fabric": 1, "color_name": "104", "color_number": "770", "color_hex": "#CCCCCC", "created_at": "2025-07-26T13:34:28.860Z"}}, {"model": "fabrics.fabriccolor", "pk": 6, "fields": {"fabric": 1, "color_name": "105", "color_number": "243", "color_hex": "#CCCCCC", "created_at": "2025-07-26T13:35:49.965Z"}}, {"model": "fabrics.fabriccolor", "pk": 7, "fields": {"fabric": 1, "color_name": "106", "color_number": "724", "color_hex": "#CCCCCC", "created_at": "2025-07-26T13:35:58.595Z"}}, {"model": "fabrics.fabriccolor", "pk": 8, "fields": {"fabric": 1, "color_name": "107", "color_number": "160", "color_hex": "#CCCCCC", "created_at": "2025-07-26T13:36:07.635Z"}}, {"model": "fabrics.fabriccolor", "pk": 9, "fields": {"fabric": 1, "color_name": "109", "color_number": "574", "color_hex": "#CCCCCC", "created_at": "2025-07-26T13:36:14.268Z"}}, {"model": "fabrics.fabriccolor", "pk": 10, "fields": {"fabric": 1, "color_name": "108", "color_number": "841", "color_hex": "#CCCCCC", "created_at": "2025-07-26T13:36:28.755Z"}}, {"model": "fabrics.fabriccolor", "pk": 11, "fields": {"fabric": 1, "color_name": "111", "color_number": "768", "color_hex": "#CCCCCC", "created_at": "2025-07-26T13:36:40.515Z"}}, {"model": "fabrics.fabriccolor", "pk": 12, "fields": {"fabric": 1, "color_name": "112", "color_number": "712", "color_hex": "#CCCCCC", "created_at": "2025-07-26T13:36:47.264Z"}}, {"model": "fabrics.fabriccolor", "pk": 13, "fields": {"fabric": 1, "color_name": "113", "color_number": "253", "color_hex": "#CCCCCC", "created_at": "2025-07-26T13:36:52.795Z"}}, {"model": "fabrics.fabriccolor", "pk": 14, "fields": {"fabric": 1, "color_name": "114", "color_number": "597", "color_hex": "#CCCCCC", "created_at": "2025-07-26T13:36:59.556Z"}}, {"model": "fabrics.fabriccolor", "pk": 15, "fields": {"fabric": 1, "color_name": "115", "color_number": "854", "color_hex": "#CCCCCC", "created_at": "2025-07-26T13:37:04.988Z"}}, {"model": "fabrics.fabriccolor", "pk": 16, "fields": {"fabric": 1, "color_name": "116", "color_number": "360", "color_hex": "#CCCCCC", "created_at": "2025-07-26T13:37:10.864Z"}}, {"model": "fabrics.fabriccolor", "pk": 17, "fields": {"fabric": 1, "color_name": "117", "color_number": "190", "color_hex": "#CCCCCC", "created_at": "2025-07-26T13:37:16.034Z"}}, {"model": "fabrics.fabriccolor", "pk": 18, "fields": {"fabric": 1, "color_name": "118", "color_number": "305", "color_hex": "#CCCCCC", "created_at": "2025-07-26T13:37:24.068Z"}}, {"model": "fabrics.fabriccolor", "pk": 19, "fields": {"fabric": 1, "color_name": "119", "color_number": "733", "color_hex": "#CCCCCC", "created_at": "2025-07-26T13:37:30.551Z"}}, {"model": "fabrics.fabriccolor", "pk": 24, "fields": {"fabric": 3, "color_name": "2", "color_number": "106", "color_hex": "#CCCCCC", "created_at": "2025-07-29T12:41:48.524Z"}}, {"model": "fabrics.fabriccolor", "pk": 25, "fields": {"fabric": 3, "color_name": "3", "color_number": "621", "color_hex": "#CCCCCC", "created_at": "2025-07-29T12:41:53.865Z"}}, {"model": "fabrics.fabriccolor", "pk": 26, "fields": {"fabric": 3, "color_name": "4", "color_number": "500", "color_hex": "#CCCCCC", "created_at": "2025-07-29T12:41:57.825Z"}}, {"model": "fabrics.fabriccolor", "pk": 27, "fields": {"fabric": 6, "color_name": "1", "color_number": "895", "color_hex": "#CCCCCC", "created_at": "2025-07-29T13:04:12.742Z"}}, {"model": "fabrics.fabriccolor", "pk": 28, "fields": {"fabric": 7, "color_name": "13", "color_number": "274", "color_hex": "#CCCCCC", "created_at": "2025-07-29T13:04:51.880Z"}}, {"model": "fabrics.fabriccolor", "pk": 29, "fields": {"fabric": 7, "color_name": "13", "color_number": "500", "color_hex": "#CCCCCC", "created_at": "2025-07-29T13:04:54.628Z"}}, {"model": "fabrics.fabriccolor", "pk": 30, "fields": {"fabric": 8, "color_name": "Хб", "color_number": "660", "color_hex": "#CCCCCC", "created_at": "2025-07-29T13:05:24.336Z"}}, {"model": "fabrics.fabriccolor", "pk": 31, "fields": {"fabric": 9, "color_name": "1", "color_number": "330", "color_hex": "#CCCCCC", "created_at": "2025-07-29T13:14:51.644Z"}}, {"model": "fabrics.fabriccolor", "pk": 33, "fields": {"fabric": 14, "color_name": "1844", "color_number": "194", "color_hex": "#CCCCCC", "created_at": "2025-07-30T10:56:36.737Z"}}, {"model": "fabrics.fabriccolor", "pk": 34, "fields": {"fabric": 14, "color_name": "1840", "color_number": "345", "color_hex": "#CCCCCC", "created_at": "2025-07-30T10:56:57.388Z"}}, {"model": "fabrics.fabriccolor", "pk": 35, "fields": {"fabric": 14, "color_name": "1843", "color_number": "748", "color_hex": "#CCCCCC", "created_at": "2025-07-30T10:57:07.657Z"}}, {"model": "fabrics.fabriccolor", "pk": 36, "fields": {"fabric": 14, "color_name": "1775", "color_number": "648", "color_hex": "#CCCCCC", "created_at": "2025-07-30T10:57:21.950Z"}}, {"model": "fabrics.fabriccolor", "pk": 37, "fields": {"fabric": 14, "color_name": "1778", "color_number": "408", "color_hex": "#CCCCCC", "created_at": "2025-07-30T10:57:33.454Z"}}, {"model": "fabrics.fabriccolor", "pk": 38, "fields": {"fabric": 14, "color_name": "1714", "color_number": "941", "color_hex": "#CCCCCC", "created_at": "2025-07-30T10:57:44.480Z"}}, {"model": "fabrics.fabriccolor", "pk": 39, "fields": {"fabric": 14, "color_name": "1713", "color_number": "639", "color_hex": "#CCCCCC", "created_at": "2025-07-30T10:57:56.833Z"}}, {"model": "fabrics.fabriccolor", "pk": 40, "fields": {"fabric": 14, "color_name": "1717", "color_number": "335", "color_hex": "#CCCCCC", "created_at": "2025-07-30T10:58:07.226Z"}}, {"model": "fabrics.fabriccolor", "pk": 41, "fields": {"fabric": 14, "color_name": "1762", "color_number": "273", "color_hex": "#CCCCCC", "created_at": "2025-07-30T10:59:53.022Z"}}, {"model": "fabrics.fabriccolor", "pk": 42, "fields": {"fabric": 14, "color_name": "1942", "color_number": "962", "color_hex": "#CCCCCC", "created_at": "2025-07-30T11:00:09.473Z"}}, {"model": "fabrics.fabriccolor", "pk": 43, "fields": {"fabric": 14, "color_name": "1722", "color_number": "946", "color_hex": "#CCCCCC", "created_at": "2025-07-30T11:00:21.499Z"}}, {"model": "fabrics.fabriccolor", "pk": 44, "fields": {"fabric": 14, "color_name": "1753", "color_number": "294", "color_hex": "#CCCCCC", "created_at": "2025-07-30T11:00:34.026Z"}}, {"model": "fabrics.fabriccolor", "pk": 45, "fields": {"fabric": 14, "color_name": "1729", "color_number": "276", "color_hex": "#CCCCCC", "created_at": "2025-07-30T11:00:46.182Z"}}, {"model": "fabrics.fabriccolor", "pk": 46, "fields": {"fabric": 14, "color_name": "1726", "color_number": "631", "color_hex": "#CCCCCC", "created_at": "2025-07-30T11:00:54.438Z"}}, {"model": "fabrics.fabriccolor", "pk": 47, "fields": {"fabric": 14, "color_name": "1707", "color_number": "448", "color_hex": "#CCCCCC", "created_at": "2025-07-30T11:01:02.821Z"}}, {"model": "fabrics.fabriccolor", "pk": 48, "fields": {"fabric": 10, "color_name": "01", "color_number": "590", "color_hex": "#CCCCCC", "created_at": "2025-07-30T11:07:20.300Z"}}, {"model": "fabrics.fabriccolor", "pk": 49, "fields": {"fabric": 10, "color_name": "02", "color_number": "454", "color_hex": "#CCCCCC", "created_at": "2025-07-30T11:07:25.341Z"}}, {"model": "fabrics.fabriccolor", "pk": 50, "fields": {"fabric": 10, "color_name": "03", "color_number": "296", "color_hex": "#CCCCCC", "created_at": "2025-07-30T11:07:30.060Z"}}, {"model": "fabrics.fabriccolor", "pk": 51, "fields": {"fabric": 10, "color_name": "04", "color_number": "278", "color_hex": "#CCCCCC", "created_at": "2025-07-30T11:07:52.380Z"}}, {"model": "fabrics.fabriccolor", "pk": 52, "fields": {"fabric": 10, "color_name": "05", "color_number": "626", "color_hex": "#CCCCCC", "created_at": "2025-07-30T11:08:01.020Z"}}, {"model": "fabrics.fabriccolor", "pk": 53, "fields": {"fabric": 10, "color_name": "06", "color_number": "442", "color_hex": "#CCCCCC", "created_at": "2025-07-30T11:08:07.980Z"}}, {"model": "fabrics.fabriccolor", "pk": 54, "fields": {"fabric": 10, "color_name": "07", "color_number": "375", "color_hex": "#CCCCCC", "created_at": "2025-07-30T11:08:14.020Z"}}, {"model": "fabrics.fabriccolor", "pk": 55, "fields": {"fabric": 10, "color_name": "08", "color_number": "517", "color_hex": "#CCCCCC", "created_at": "2025-07-30T11:08:22.780Z"}}, {"model": "fabrics.fabriccolor", "pk": 56, "fields": {"fabric": 10, "color_name": "10", "color_number": "630", "color_hex": "#CCCCCC", "created_at": "2025-07-30T11:08:33.500Z"}}, {"model": "fabrics.fabriccolor", "pk": 57, "fields": {"fabric": 10, "color_name": "11", "color_number": "411", "color_hex": "#CCCCCC", "created_at": "2025-07-30T11:08:41.740Z"}}, {"model": "fabrics.fabriccolor", "pk": 58, "fields": {"fabric": 10, "color_name": "14", "color_number": "231", "color_hex": "#CCCCCC", "created_at": "2025-07-30T11:08:50.780Z"}}, {"model": "fabrics.fabriccolor", "pk": 59, "fields": {"fabric": 10, "color_name": "16", "color_number": "774", "color_hex": "#CCCCCC", "created_at": "2025-07-30T11:08:59.101Z"}}, {"model": "fabrics.fabriccolor", "pk": 60, "fields": {"fabric": 10, "color_name": "17", "color_number": "145", "color_hex": "#CCCCCC", "created_at": "2025-07-30T11:09:04.780Z"}}, {"model": "fabrics.fabriccolor", "pk": 61, "fields": {"fabric": 10, "color_name": "18", "color_number": "522", "color_hex": "#CCCCCC", "created_at": "2025-07-30T11:09:10.701Z"}}, {"model": "fabrics.fabriccolor", "pk": 62, "fields": {"fabric": 10, "color_name": "19", "color_number": "967", "color_hex": "#CCCCCC", "created_at": "2025-07-30T11:09:16.780Z"}}, {"model": "fabrics.fabriccolor", "pk": 63, "fields": {"fabric": 10, "color_name": "20", "color_number": "223", "color_hex": "#CCCCCC", "created_at": "2025-07-30T11:09:23.581Z"}}, {"model": "fabrics.fabriccolor", "pk": 64, "fields": {"fabric": 10, "color_name": "21", "color_number": "127", "color_hex": "#CCCCCC", "created_at": "2025-07-30T11:09:36.060Z"}}, {"model": "fabrics.fabriccolor", "pk": 65, "fields": {"fabric": 10, "color_name": "23", "color_number": "905", "color_hex": "#CCCCCC", "created_at": "2025-07-30T11:09:43.020Z"}}, {"model": "fabrics.fabriccolor", "pk": 66, "fields": {"fabric": 10, "color_name": "24", "color_number": "968", "color_hex": "#CCCCCC", "created_at": "2025-07-30T11:09:49.420Z"}}, {"model": "fabrics.fabriccolor", "pk": 67, "fields": {"fabric": 10, "color_name": "27", "color_number": "499", "color_hex": "#CCCCCC", "created_at": "2025-07-30T11:09:56.377Z"}}, {"model": "fabrics.fabriccolor", "pk": 68, "fields": {"fabric": 10, "color_name": "28", "color_number": "250", "color_hex": "#CCCCCC", "created_at": "2025-07-30T11:10:02.545Z"}}, {"model": "fabrics.fabriccolor", "pk": 69, "fields": {"fabric": 10, "color_name": "29", "color_number": "435", "color_hex": "#CCCCCC", "created_at": "2025-07-30T11:10:09.720Z"}}, {"model": "fabrics.fabriccolor", "pk": 70, "fields": {"fabric": 10, "color_name": "30", "color_number": "848", "color_hex": "#CCCCCC", "created_at": "2025-07-30T11:10:17.085Z"}}, {"model": "fabrics.fabriccolor", "pk": 71, "fields": {"fabric": 10, "color_name": "33", "color_number": "841", "color_hex": "#CCCCCC", "created_at": "2025-07-30T11:10:23.883Z"}}, {"model": "fabrics.fabriccolor", "pk": 72, "fields": {"fabric": 10, "color_name": "34", "color_number": "237", "color_hex": "#CCCCCC", "created_at": "2025-07-30T11:10:34.490Z"}}, {"model": "fabrics.fabriccolor", "pk": 73, "fields": {"fabric": 10, "color_name": "42", "color_number": "515", "color_hex": "#CCCCCC", "created_at": "2025-07-30T11:10:47.600Z"}}, {"model": "fabrics.fabriccolor", "pk": 74, "fields": {"fabric": 10, "color_name": "43", "color_number": "252", "color_hex": "#CCCCCC", "created_at": "2025-07-30T11:10:52.855Z"}}, {"model": "fabrics.fabriccolor", "pk": 75, "fields": {"fabric": 10, "color_name": "44", "color_number": "569", "color_hex": "#CCCCCC", "created_at": "2025-07-30T11:10:59.123Z"}}, {"model": "fabrics.fabriccolor", "pk": 76, "fields": {"fabric": 10, "color_name": "45", "color_number": "842", "color_hex": "#CCCCCC", "created_at": "2025-07-30T11:11:08.055Z"}}, {"model": "fabrics.fabriccolor", "pk": 77, "fields": {"fabric": 15, "color_name": "100", "color_number": "860", "color_hex": "#CCCCCC", "created_at": "2025-07-30T11:18:18.874Z"}}, {"model": "fabrics.fabriccolor", "pk": 78, "fields": {"fabric": 15, "color_name": "101", "color_number": "883", "color_hex": "#CCCCCC", "created_at": "2025-07-30T11:18:28.744Z"}}, {"model": "fabrics.fabriccolor", "pk": 79, "fields": {"fabric": 15, "color_name": "102", "color_number": "640", "color_hex": "#CCCCCC", "created_at": "2025-07-30T11:18:48.553Z"}}, {"model": "fabrics.fabriccolor", "pk": 80, "fields": {"fabric": 15, "color_name": "103", "color_number": "463", "color_hex": "#CCCCCC", "created_at": "2025-07-30T11:18:53.424Z"}}, {"model": "fabrics.fabriccolor", "pk": 81, "fields": {"fabric": 15, "color_name": "104", "color_number": "610", "color_hex": "#CCCCCC", "created_at": "2025-07-30T11:18:59.712Z"}}, {"model": "fabrics.fabriccolor", "pk": 82, "fields": {"fabric": 15, "color_name": "105", "color_number": "118", "color_hex": "#CCCCCC", "created_at": "2025-07-30T11:19:24.064Z"}}, {"model": "fabrics.fabriccolor", "pk": 83, "fields": {"fabric": 15, "color_name": "106", "color_number": "748", "color_hex": "#CCCCCC", "created_at": "2025-07-30T11:19:29.024Z"}}, {"model": "fabrics.fabriccolor", "pk": 84, "fields": {"fabric": 15, "color_name": "107", "color_number": "272", "color_hex": "#CCCCCC", "created_at": "2025-07-30T11:19:34.512Z"}}, {"model": "fabrics.fabriccolor", "pk": 85, "fields": {"fabric": 15, "color_name": "108", "color_number": "308", "color_hex": "#CCCCCC", "created_at": "2025-07-30T11:19:39.588Z"}}, {"model": "fabrics.fabriccolor", "pk": 86, "fields": {"fabric": 15, "color_name": "109", "color_number": "274", "color_hex": "#CCCCCC", "created_at": "2025-07-30T11:19:55.352Z"}}, {"model": "fabrics.fabriccolor", "pk": 87, "fields": {"fabric": 15, "color_name": "110", "color_number": "237", "color_hex": "#CCCCCC", "created_at": "2025-07-30T11:19:59.104Z"}}, {"model": "fabrics.fabriccolor", "pk": 88, "fields": {"fabric": 15, "color_name": "111", "color_number": "810", "color_hex": "#CCCCCC", "created_at": "2025-07-30T11:20:02.704Z"}}, {"model": "fabrics.fabriccolor", "pk": 89, "fields": {"fabric": 15, "color_name": "112", "color_number": "174", "color_hex": "#CCCCCC", "created_at": "2025-07-30T11:20:06.944Z"}}, {"model": "fabrics.fabriccolor", "pk": 90, "fields": {"fabric": 15, "color_name": "113", "color_number": "481", "color_hex": "#CCCCCC", "created_at": "2025-07-30T11:20:10.184Z"}}, {"model": "fabrics.fabriccolor", "pk": 91, "fields": {"fabric": 15, "color_name": "114", "color_number": "185", "color_hex": "#CCCCCC", "created_at": "2025-07-30T11:20:13.712Z"}}, {"model": "fabrics.fabriccolor", "pk": 92, "fields": {"fabric": 15, "color_name": "115", "color_number": "550", "color_hex": "#CCCCCC", "created_at": "2025-07-30T11:20:17.472Z"}}, {"model": "fabrics.fabriccolor", "pk": 93, "fields": {"fabric": 15, "color_name": "116", "color_number": "565", "color_hex": "#CCCCCC", "created_at": "2025-07-30T11:20:21.312Z"}}, {"model": "fabrics.fabriccolor", "pk": 94, "fields": {"fabric": 15, "color_name": "117", "color_number": "409", "color_hex": "#CCCCCC", "created_at": "2025-07-30T11:20:27.193Z"}}, {"model": "fabrics.fabriccolor", "pk": 95, "fields": {"fabric": 15, "color_name": "118", "color_number": "960", "color_hex": "#CCCCCC", "created_at": "2025-07-30T11:20:31.984Z"}}, {"model": "fabrics.fabriccolor", "pk": 96, "fields": {"fabric": 15, "color_name": "119", "color_number": "548", "color_hex": "#CCCCCC", "created_at": "2025-07-30T11:20:36.824Z"}}, {"model": "fabrics.fabriccolor", "pk": 97, "fields": {"fabric": 15, "color_name": "SYAYN", "color_number": "738", "color_hex": "#CCCCCC", "created_at": "2025-07-30T11:21:08.548Z"}}, {"model": "fabrics.fabriccolor", "pk": 99, "fields": {"fabric": 17, "color_name": "351", "color_number": "358", "color_hex": "#CCCCCC", "created_at": "2025-07-30T11:45:57.034Z"}}, {"model": "fabrics.fabriccolor", "pk": 100, "fields": {"fabric": 17, "color_name": "427", "color_number": "862", "color_hex": "#CCCCCC", "created_at": "2025-07-30T11:46:16.633Z"}}, {"model": "fabrics.fabriccolor", "pk": 101, "fields": {"fabric": 17, "color_name": "426", "color_number": "309", "color_hex": "#CCCCCC", "created_at": "2025-07-30T11:46:56.722Z"}}, {"model": "fabrics.fabriccolor", "pk": 102, "fields": {"fabric": 17, "color_name": "429", "color_number": "950", "color_hex": "#CCCCCC", "created_at": "2025-07-30T11:47:05.922Z"}}, {"model": "fabrics.fabriccolor", "pk": 103, "fields": {"fabric": 17, "color_name": "425", "color_number": "424", "color_hex": "#CCCCCC", "created_at": "2025-07-30T11:47:14.802Z"}}, {"model": "fabrics.fabriccolor", "pk": 104, "fields": {"fabric": 17, "color_name": "350", "color_number": "317", "color_hex": "#CCCCCC", "created_at": "2025-07-30T11:48:33.002Z"}}, {"model": "fabrics.fabriccolor", "pk": 105, "fields": {"fabric": 17, "color_name": "421", "color_number": "640", "color_hex": "#CCCCCC", "created_at": "2025-07-30T11:48:42.248Z"}}, {"model": "fabrics.fabriccolor", "pk": 106, "fields": {"fabric": 17, "color_name": "415", "color_number": "439", "color_hex": "#CCCCCC", "created_at": "2025-07-30T12:04:30.863Z"}}, {"model": "fabrics.fabriccolor", "pk": 107, "fields": {"fabric": 17, "color_name": "418", "color_number": "859", "color_hex": "#CCCCCC", "created_at": "2025-07-30T12:04:39.022Z"}}, {"model": "fabrics.fabriccolor", "pk": 108, "fields": {"fabric": 17, "color_name": "423", "color_number": "270", "color_hex": "#CCCCCC", "created_at": "2025-07-30T12:04:48.863Z"}}, {"model": "fabrics.fabriccolor", "pk": 109, "fields": {"fabric": 17, "color_name": "420", "color_number": "467", "color_hex": "#CCCCCC", "created_at": "2025-07-30T12:04:55.662Z"}}, {"model": "fabrics.fabriccolor", "pk": 110, "fields": {"fabric": 17, "color_name": "409", "color_number": "853", "color_hex": "#CCCCCC", "created_at": "2025-07-30T12:05:03.902Z"}}, {"model": "fabrics.fabriccolor", "pk": 111, "fields": {"fabric": 17, "color_name": "389", "color_number": "769", "color_hex": "#CCCCCC", "created_at": "2025-07-30T12:05:12.471Z"}}, {"model": "fabrics.fabriccolor", "pk": 112, "fields": {"fabric": 17, "color_name": "381", "color_number": "408", "color_hex": "#CCCCCC", "created_at": "2025-07-30T12:05:29.023Z"}}, {"model": "fabrics.fabriccolor", "pk": 113, "fields": {"fabric": 17, "color_name": "411", "color_number": "605", "color_hex": "#CCCCCC", "created_at": "2025-07-30T12:05:37.669Z"}}, {"model": "fabrics.fabriccolor", "pk": 114, "fields": {"fabric": 17, "color_name": "379", "color_number": "266", "color_hex": "#CCCCCC", "created_at": "2025-07-30T12:05:44.790Z"}}, {"model": "fabrics.fabriccolor", "pk": 115, "fields": {"fabric": 17, "color_name": "413", "color_number": "496", "color_hex": "#CCCCCC", "created_at": "2025-07-30T12:05:56.463Z"}}, {"model": "fabrics.fabriccolor", "pk": 116, "fields": {"fabric": 17, "color_name": "375", "color_number": "944", "color_hex": "#CCCCCC", "created_at": "2025-07-30T12:06:05.271Z"}}, {"model": "fabrics.fabriccolor", "pk": 117, "fields": {"fabric": 17, "color_name": "398", "color_number": "550", "color_hex": "#CCCCCC", "created_at": "2025-07-30T12:06:14.623Z"}}, {"model": "fabrics.fabriccolor", "pk": 118, "fields": {"fabric": 17, "color_name": "406", "color_number": "683", "color_hex": "#CCCCCC", "created_at": "2025-07-30T12:06:31.101Z"}}, {"model": "fabrics.fabriccolor", "pk": 119, "fields": {"fabric": 17, "color_name": "205", "color_number": "151", "color_hex": "#CCCCCC", "created_at": "2025-07-30T12:06:40.463Z"}}, {"model": "fabrics.fabriccolor", "pk": 120, "fields": {"fabric": 17, "color_name": "408", "color_number": "842", "color_hex": "#CCCCCC", "created_at": "2025-07-30T12:06:51.263Z"}}, {"model": "fabrics.fabriccolor", "pk": 121, "fields": {"fabric": 17, "color_name": "352", "color_number": "221", "color_hex": "#CCCCCC", "created_at": "2025-07-30T12:07:00.137Z"}}, {"model": "fabrics.fabriccolor", "pk": 122, "fields": {"fabric": 17, "color_name": "399", "color_number": "688", "color_hex": "#CCCCCC", "created_at": "2025-07-30T12:07:12.230Z"}}, {"model": "fabrics.fabriccolor", "pk": 123, "fields": {"fabric": 17, "color_name": "400", "color_number": "795", "color_hex": "#CCCCCC", "created_at": "2025-07-30T12:07:22.543Z"}}, {"model": "fabrics.fabriccolor", "pk": 124, "fields": {"fabric": 17, "color_name": "376", "color_number": "709", "color_hex": "#CCCCCC", "created_at": "2025-07-30T12:07:31.023Z"}}, {"model": "fabrics.fabriccolor", "pk": 125, "fields": {"fabric": 17, "color_name": "384", "color_number": "547", "color_hex": "#CCCCCC", "created_at": "2025-07-30T12:07:40.782Z"}}, {"model": "fabrics.fabriccolor", "pk": 126, "fields": {"fabric": 17, "color_name": "378", "color_number": "646", "color_hex": "#CCCCCC", "created_at": "2025-07-30T12:07:49.022Z"}}, {"model": "fabrics.fabricroll", "pk": 2, "fields": {"fabric_color": 1, "width_meters": "30.00", "barcode": "7583192", "is_active": false, "created_by_admin": false, "notes": "", "created_at": "2025-07-26T14:15:42.629Z"}}, {"model": "fabrics.fabricroll", "pk": 5, "fields": {"fabric_color": 1, "width_meters": "30.00", "barcode": "6466234", "is_active": false, "created_by_admin": false, "notes": "", "created_at": "2025-07-26T14:31:04.969Z"}}, {"model": "fabrics.fabricroll", "pk": 7, "fields": {"fabric_color": 1, "width_meters": "28.30", "barcode": "9617717", "is_active": false, "created_by_admin": false, "notes": "", "created_at": "2025-07-26T14:32:10.634Z"}}, {"model": "fabrics.fabricroll", "pk": 15, "fields": {"fabric_color": 16, "width_meters": "34.20", "barcode": "2222276", "is_active": true, "created_by_admin": false, "notes": "", "created_at": "2025-07-29T13:29:03.751Z"}}, {"model": "fabrics.fabricroll", "pk": 16, "fields": {"fabric_color": 7, "width_meters": "32.60", "barcode": "7539311", "is_active": true, "created_by_admin": false, "notes": "", "created_at": "2025-07-29T13:31:02.620Z"}}, {"model": "fabrics.fabricroll", "pk": 17, "fields": {"fabric_color": 7, "width_meters": "32.60", "barcode": "0503432", "is_active": true, "created_by_admin": false, "notes": "", "created_at": "2025-07-29T13:31:05.248Z"}}, {"model": "fabrics.fabricroll", "pk": 18, "fields": {"fabric_color": 6, "width_meters": "37.40", "barcode": "6490107", "is_active": true, "created_by_admin": false, "notes": "", "created_at": "2025-07-29T13:32:16.300Z"}}, {"model": "fabrics.fabricroll", "pk": 19, "fields": {"fabric_color": 10, "width_meters": "34.10", "barcode": "8032677", "is_active": true, "created_by_admin": false, "notes": "", "created_at": "2025-07-29T13:33:38.017Z"}}, {"model": "fabrics.fabricroll", "pk": 20, "fields": {"fabric_color": 17, "width_meters": "30.30", "barcode": "3055000", "is_active": true, "created_by_admin": false, "notes": "", "created_at": "2025-07-29T13:34:35.760Z"}}, {"model": "fabrics.fabricroll", "pk": 21, "fields": {"fabric_color": 10, "width_meters": "33.50", "barcode": "5099136", "is_active": true, "created_by_admin": false, "notes": "", "created_at": "2025-07-29T13:35:32.249Z"}}, {"model": "fabrics.fabricroll", "pk": 22, "fields": {"fabric_color": 10, "width_meters": "31.10", "barcode": "6473470", "is_active": true, "created_by_admin": false, "notes": "", "created_at": "2025-07-29T13:36:33.897Z"}}, {"model": "fabrics.fabricroll", "pk": 23, "fields": {"fabric_color": 12, "width_meters": "32.40", "barcode": "2120354", "is_active": true, "created_by_admin": false, "notes": "", "created_at": "2025-07-29T13:37:17.680Z"}}, {"model": "fabrics.fabricroll", "pk": 24, "fields": {"fabric_color": 11, "width_meters": "33.80", "barcode": "7623304", "is_active": true, "created_by_admin": false, "notes": "", "created_at": "2025-07-29T13:38:22.111Z"}}, {"model": "fabrics.fabricroll", "pk": 25, "fields": {"fabric_color": 3, "width_meters": "33.60", "barcode": "1553545", "is_active": true, "created_by_admin": false, "notes": "", "created_at": "2025-07-29T13:38:54.224Z"}}, {"model": "fabrics.fabricroll", "pk": 26, "fields": {"fabric_color": 15, "width_meters": "37.10", "barcode": "4542460", "is_active": true, "created_by_admin": false, "notes": "", "created_at": "2025-07-29T13:39:36.560Z"}}, {"model": "fabrics.fabricroll", "pk": 27, "fields": {"fabric_color": 15, "width_meters": "32.10", "barcode": "8016061", "is_active": true, "created_by_admin": false, "notes": "", "created_at": "2025-07-29T13:44:41.551Z"}}, {"model": "fabrics.fabricroll", "pk": 28, "fields": {"fabric_color": 3, "width_meters": "35.20", "barcode": "8114443", "is_active": true, "created_by_admin": false, "notes": "", "created_at": "2025-07-29T13:45:54.104Z"}}, {"model": "fabrics.fabricroll", "pk": 29, "fields": {"fabric_color": 6, "width_meters": "33.90", "barcode": "5699399", "is_active": true, "created_by_admin": false, "notes": "", "created_at": "2025-07-29T13:46:33.878Z"}}, {"model": "fabrics.fabricroll", "pk": 30, "fields": {"fabric_color": 9, "width_meters": "33.10", "barcode": "1286341", "is_active": true, "created_by_admin": false, "notes": "", "created_at": "2025-07-29T13:47:16.400Z"}}, {"model": "fabrics.fabricroll", "pk": 31, "fields": {"fabric_color": 14, "width_meters": "32.00", "barcode": "1856497", "is_active": true, "created_by_admin": false, "notes": "", "created_at": "2025-07-29T13:48:32.945Z"}}, {"model": "fabrics.fabricroll", "pk": 32, "fields": {"fabric_color": 7, "width_meters": "28.30", "barcode": "9281786", "is_active": true, "created_by_admin": false, "notes": "", "created_at": "2025-07-29T13:49:21.467Z"}}, {"model": "fabrics.fabricroll", "pk": 33, "fields": {"fabric_color": 3, "width_meters": "30.40", "barcode": "2523121", "is_active": true, "created_by_admin": false, "notes": "", "created_at": "2025-07-29T13:49:53.050Z"}}, {"model": "fabrics.fabricroll", "pk": 34, "fields": {"fabric_color": 10, "width_meters": "38.50", "barcode": "7528518", "is_active": true, "created_by_admin": false, "notes": "", "created_at": "2025-07-29T13:50:30.177Z"}}, {"model": "fabrics.fabricroll", "pk": 35, "fields": {"fabric_color": 3, "width_meters": "35.40", "barcode": "3567961", "is_active": true, "created_by_admin": false, "notes": "", "created_at": "2025-07-29T13:51:12.320Z"}}, {"model": "fabrics.fabricroll", "pk": 36, "fields": {"fabric_color": 4, "width_meters": "31.80", "barcode": "6170050", "is_active": true, "created_by_admin": false, "notes": "", "created_at": "2025-07-29T13:51:43.514Z"}}, {"model": "fabrics.fabricroll", "pk": 37, "fields": {"fabric_color": 9, "width_meters": "26.00", "barcode": "6566140", "is_active": true, "created_by_admin": false, "notes": "", "created_at": "2025-07-29T13:52:20.408Z"}}, {"model": "fabrics.fabricroll", "pk": 38, "fields": {"fabric_color": 7, "width_meters": "33.70", "barcode": "5256248", "is_active": true, "created_by_admin": false, "notes": "", "created_at": "2025-07-29T13:52:55.361Z"}}, {"model": "fabrics.fabricroll", "pk": 39, "fields": {"fabric_color": 3, "width_meters": "36.50", "barcode": "3981666", "is_active": true, "created_by_admin": false, "notes": "", "created_at": "2025-07-29T13:53:31.812Z"}}, {"model": "fabrics.fabricroll", "pk": 40, "fields": {"fabric_color": 10, "width_meters": "26.70", "barcode": "2819819", "is_active": true, "created_by_admin": false, "notes": "", "created_at": "2025-07-29T13:55:30.548Z"}}, {"model": "fabrics.fabricroll", "pk": 41, "fields": {"fabric_color": 2, "width_meters": "33.90", "barcode": "9823347", "is_active": true, "created_by_admin": false, "notes": "", "created_at": "2025-07-29T13:55:59Z"}}, {"model": "fabrics.fabricroll", "pk": 42, "fields": {"fabric_color": 6, "width_meters": "34.40", "barcode": "7728815", "is_active": true, "created_by_admin": false, "notes": "", "created_at": "2025-07-29T13:56:44.043Z"}}, {"model": "fabrics.fabricroll", "pk": 43, "fields": {"fabric_color": 10, "width_meters": "33.50", "barcode": "9542623", "is_active": true, "created_by_admin": false, "notes": "", "created_at": "2025-07-29T13:57:16.751Z"}}, {"model": "fabrics.fabricroll", "pk": 44, "fields": {"fabric_color": 3, "width_meters": "40.70", "barcode": "4237758", "is_active": true, "created_by_admin": false, "notes": "", "created_at": "2025-07-29T13:57:50.309Z"}}, {"model": "fabrics.fabricroll", "pk": 45, "fields": {"fabric_color": 15, "width_meters": "31.60", "barcode": "6906997", "is_active": true, "created_by_admin": false, "notes": "", "created_at": "2025-07-29T13:58:19.334Z"}}, {"model": "fabrics.fabricroll", "pk": 46, "fields": {"fabric_color": 7, "width_meters": "32.50", "barcode": "6623606", "is_active": true, "created_by_admin": false, "notes": "", "created_at": "2025-07-29T13:58:52.101Z"}}, {"model": "fabrics.fabricroll", "pk": 47, "fields": {"fabric_color": 7, "width_meters": "33.80", "barcode": "3392270", "is_active": true, "created_by_admin": false, "notes": "", "created_at": "2025-07-29T13:59:20.782Z"}}, {"model": "fabrics.fabricroll", "pk": 48, "fields": {"fabric_color": 10, "width_meters": "34.30", "barcode": "7656832", "is_active": true, "created_by_admin": false, "notes": "", "created_at": "2025-07-29T13:59:50.843Z"}}, {"model": "fabrics.fabricroll", "pk": 49, "fields": {"fabric_color": 3, "width_meters": "33.70", "barcode": "2085579", "is_active": true, "created_by_admin": false, "notes": "", "created_at": "2025-07-29T14:00:29.391Z"}}, {"model": "fabrics.fabricroll", "pk": 50, "fields": {"fabric_color": 7, "width_meters": "33.60", "barcode": "8838016", "is_active": true, "created_by_admin": false, "notes": "", "created_at": "2025-07-29T14:01:26.892Z"}}, {"model": "fabrics.fabricroll", "pk": 51, "fields": {"fabric_color": 19, "width_meters": "28.10", "barcode": "1737569", "is_active": true, "created_by_admin": false, "notes": "", "created_at": "2025-07-29T14:04:27.719Z"}}, {"model": "fabrics.fabricroll", "pk": 52, "fields": {"fabric_color": 16, "width_meters": "34.30", "barcode": "7597314", "is_active": true, "created_by_admin": false, "notes": "", "created_at": "2025-07-29T14:05:14.565Z"}}, {"model": "fabrics.fabricroll", "pk": 53, "fields": {"fabric_color": 15, "width_meters": "35.20", "barcode": "6151331", "is_active": true, "created_by_admin": false, "notes": "", "created_at": "2025-07-29T14:06:21.579Z"}}, {"model": "fabrics.fabricroll", "pk": 54, "fields": {"fabric_color": 7, "width_meters": "34.50", "barcode": "4675013", "is_active": true, "created_by_admin": false, "notes": "", "created_at": "2025-07-29T14:08:30.179Z"}}, {"model": "fabrics.fabricroll", "pk": 55, "fields": {"fabric_color": 16, "width_meters": "33.70", "barcode": "3867404", "is_active": true, "created_by_admin": false, "notes": "", "created_at": "2025-07-29T14:09:15.259Z"}}, {"model": "fabrics.fabricroll", "pk": 56, "fields": {"fabric_color": 10, "width_meters": "34.10", "barcode": "2860821", "is_active": true, "created_by_admin": false, "notes": "", "created_at": "2025-07-29T14:09:56.667Z"}}, {"model": "fabrics.fabricroll", "pk": 57, "fields": {"fabric_color": 11, "width_meters": "32.90", "barcode": "2835090", "is_active": true, "created_by_admin": false, "notes": "", "created_at": "2025-07-29T14:10:42.628Z"}}, {"model": "fabrics.fabricroll", "pk": 58, "fields": {"fabric_color": 11, "width_meters": "32.90", "barcode": "5305264", "is_active": true, "created_by_admin": false, "notes": "", "created_at": "2025-07-29T14:10:45.695Z"}}, {"model": "fabrics.fabricroll", "pk": 59, "fields": {"fabric_color": 7, "width_meters": "33.70", "barcode": "2756089", "is_active": true, "created_by_admin": false, "notes": "", "created_at": "2025-07-29T14:11:17.467Z"}}, {"model": "fabrics.fabricroll", "pk": 61, "fields": {"fabric_color": 14, "width_meters": "30.90", "barcode": "7024617", "is_active": true, "created_by_admin": false, "notes": "", "created_at": "2025-07-29T14:13:35.237Z"}}, {"model": "fabrics.fabricroll", "pk": 62, "fields": {"fabric_color": 7, "width_meters": "32.90", "barcode": "0700678", "is_active": true, "created_by_admin": false, "notes": "", "created_at": "2025-07-29T14:14:05.160Z"}}, {"model": "fabrics.fabricroll", "pk": 63, "fields": {"fabric_color": 6, "width_meters": "35.40", "barcode": "0826439", "is_active": true, "created_by_admin": false, "notes": "", "created_at": "2025-07-29T14:14:45.814Z"}}, {"model": "fabrics.fabricroll", "pk": 64, "fields": {"fabric_color": 11, "width_meters": "33.60", "barcode": "5021764", "is_active": false, "created_by_admin": false, "notes": "", "created_at": "2025-07-29T14:16:12.253Z"}}, {"model": "fabrics.fabricroll", "pk": 65, "fields": {"fabric_color": 3, "width_meters": "39.60", "barcode": "9947736", "is_active": true, "created_by_admin": false, "notes": "", "created_at": "2025-07-29T14:16:49.859Z"}}, {"model": "fabrics.fabricroll", "pk": 66, "fields": {"fabric_color": 10, "width_meters": "33.00", "barcode": "0554486", "is_active": true, "created_by_admin": false, "notes": "", "created_at": "2025-07-29T14:18:15.527Z"}}, {"model": "fabrics.fabricroll", "pk": 67, "fields": {"fabric_color": 10, "width_meters": "33.00", "barcode": "5546912", "is_active": true, "created_by_admin": false, "notes": "", "created_at": "2025-07-29T14:18:48.557Z"}}, {"model": "fabrics.fabricroll", "pk": 68, "fields": {"fabric_color": 10, "width_meters": "33.00", "barcode": "3326983", "is_active": true, "created_by_admin": false, "notes": "", "created_at": "2025-07-29T14:18:48.944Z"}}, {"model": "fabrics.fabricroll", "pk": 69, "fields": {"fabric_color": 17, "width_meters": "30.30", "barcode": "5229875", "is_active": true, "created_by_admin": false, "notes": "", "created_at": "2025-07-29T14:20:26.267Z"}}, {"model": "fabrics.fabricroll", "pk": 70, "fields": {"fabric_color": 17, "width_meters": "30.30", "barcode": "8630821", "is_active": true, "created_by_admin": false, "notes": "", "created_at": "2025-07-29T14:20:28.939Z"}}, {"model": "fabrics.fabricroll", "pk": 71, "fields": {"fabric_color": 18, "width_meters": "33.50", "barcode": "7741474", "is_active": true, "created_by_admin": false, "notes": "", "created_at": "2025-07-29T14:23:05.908Z"}}, {"model": "fabrics.fabricroll", "pk": 72, "fields": {"fabric_color": 11, "width_meters": "35.70", "barcode": "8240131", "is_active": true, "created_by_admin": false, "notes": "", "created_at": "2025-07-29T14:23:51.391Z"}}, {"model": "fabrics.fabricroll", "pk": 73, "fields": {"fabric_color": 14, "width_meters": "29.00", "barcode": "5289833", "is_active": true, "created_by_admin": false, "notes": "", "created_at": "2025-07-29T14:24:27.908Z"}}, {"model": "fabrics.fabricroll", "pk": 74, "fields": {"fabric_color": 14, "width_meters": "31.60", "barcode": "8729735", "is_active": true, "created_by_admin": false, "notes": "", "created_at": "2025-07-29T14:25:03.615Z"}}, {"model": "fabrics.fabricroll", "pk": 75, "fields": {"fabric_color": 8, "width_meters": "32.50", "barcode": "4659744", "is_active": true, "created_by_admin": false, "notes": "", "created_at": "2025-07-29T14:25:43.829Z"}}, {"model": "fabrics.fabricroll", "pk": 76, "fields": {"fabric_color": 17, "width_meters": "28.60", "barcode": "7720614", "is_active": true, "created_by_admin": false, "notes": "", "created_at": "2025-07-29T14:26:28.387Z"}}, {"model": "fabrics.fabricroll", "pk": 77, "fields": {"fabric_color": 2, "width_meters": "33.00", "barcode": "6667977", "is_active": true, "created_by_admin": false, "notes": "", "created_at": "2025-07-29T14:27:09.503Z"}}, {"model": "fabrics.fabricroll", "pk": 78, "fields": {"fabric_color": 14, "width_meters": "33.60", "barcode": "0316689", "is_active": true, "created_by_admin": false, "notes": "", "created_at": "2025-07-29T14:27:42.984Z"}}, {"model": "fabrics.fabricroll", "pk": 79, "fields": {"fabric_color": 7, "width_meters": "30.30", "barcode": "0063584", "is_active": true, "created_by_admin": false, "notes": "", "created_at": "2025-07-29T14:28:17.732Z"}}, {"model": "fabrics.fabricroll", "pk": 80, "fields": {"fabric_color": 17, "width_meters": "30.80", "barcode": "6713780", "is_active": true, "created_by_admin": false, "notes": "", "created_at": "2025-07-29T14:28:55.012Z"}}, {"model": "fabrics.fabricroll", "pk": 81, "fields": {"fabric_color": 1, "width_meters": "33.90", "barcode": "7856113", "is_active": true, "created_by_admin": false, "notes": "", "created_at": "2025-07-29T14:29:53.378Z"}}, {"model": "fabrics.fabricroll", "pk": 82, "fields": {"fabric_color": 13, "width_meters": "31.90", "barcode": "0344050", "is_active": true, "created_by_admin": false, "notes": "", "created_at": "2025-07-29T14:30:28.614Z"}}, {"model": "fabrics.fabricroll", "pk": 83, "fields": {"fabric_color": 17, "width_meters": "33.30", "barcode": "8341325", "is_active": true, "created_by_admin": false, "notes": "", "created_at": "2025-07-29T14:31:11.337Z"}}, {"model": "fabrics.fabricroll", "pk": 84, "fields": {"fabric_color": 4, "width_meters": "33.30", "barcode": "7775426", "is_active": true, "created_by_admin": false, "notes": "", "created_at": "2025-07-29T14:31:59.866Z"}}, {"model": "fabrics.fabricroll", "pk": 85, "fields": {"fabric_color": 19, "width_meters": "23.90", "barcode": "3173345", "is_active": true, "created_by_admin": false, "notes": "", "created_at": "2025-07-29T14:32:31.875Z"}}, {"model": "fabrics.fabricroll", "pk": 87, "fields": {"fabric_color": 2, "width_meters": "32.20", "barcode": "0335116", "is_active": true, "created_by_admin": false, "notes": "", "created_at": "2025-07-29T14:34:32.080Z"}}, {"model": "fabrics.fabricroll", "pk": 88, "fields": {"fabric_color": 13, "width_meters": "31.90", "barcode": "0312152", "is_active": true, "created_by_admin": false, "notes": "", "created_at": "2025-07-29T14:35:15.776Z"}}, {"model": "fabrics.fabricroll", "pk": 89, "fields": {"fabric_color": 16, "width_meters": "34.00", "barcode": "7279955", "is_active": false, "created_by_admin": false, "notes": "", "created_at": "2025-07-29T14:35:46.310Z"}}, {"model": "fabrics.fabricroll", "pk": 90, "fields": {"fabric_color": 1, "width_meters": "34.00", "barcode": "5518777", "is_active": true, "created_by_admin": false, "notes": "", "created_at": "2025-07-29T14:37:42.106Z"}}, {"model": "fabrics.fabricroll", "pk": 91, "fields": {"fabric_color": 6, "width_meters": "29.30", "barcode": "4108701", "is_active": true, "created_by_admin": false, "notes": "", "created_at": "2025-07-29T14:38:12.608Z"}}, {"model": "fabrics.fabricroll", "pk": 93, "fields": {"fabric_color": 11, "width_meters": "33.60", "barcode": "6462829", "is_active": true, "created_by_admin": false, "notes": "", "created_at": "2025-07-30T11:59:48.428Z"}}, {"model": "fabrics.fabricroll", "pk": 94, "fields": {"fabric_color": 16, "width_meters": "34.00", "barcode": "6638951", "is_active": true, "created_by_admin": false, "notes": "", "created_at": "2025-07-30T12:02:20.454Z"}}, {"model": "fabrics.fabricroll", "pk": 95, "fields": {"fabric_color": 1, "width_meters": "32.90", "barcode": "4190642", "is_active": true, "created_by_admin": false, "notes": "", "created_at": "2025-07-30T12:03:19.614Z"}}, {"model": "fabrics.fabricroll", "pk": 96, "fields": {"fabric_color": 18, "width_meters": "31.60", "barcode": "6123464", "is_active": true, "created_by_admin": false, "notes": "", "created_at": "2025-07-30T12:03:52.174Z"}}, {"model": "fabrics.fabricroll", "pk": 97, "fields": {"fabric_color": 1, "width_meters": "35.00", "barcode": "9372036", "is_active": true, "created_by_admin": false, "notes": "", "created_at": "2025-07-30T12:04:10.055Z"}}, {"model": "fabrics.fabricroll", "pk": 98, "fields": {"fabric_color": 4, "width_meters": "29.70", "barcode": "2640823", "is_active": true, "created_by_admin": false, "notes": "", "created_at": "2025-07-30T12:04:28.933Z"}}, {"model": "fabrics.fabricroll", "pk": 99, "fields": {"fabric_color": 10, "width_meters": "31.80", "barcode": "4203791", "is_active": true, "created_by_admin": false, "notes": "", "created_at": "2025-07-30T12:04:49.294Z"}}, {"model": "fabrics.fabricroll", "pk": 100, "fields": {"fabric_color": 19, "width_meters": "30.50", "barcode": "0348302", "is_active": true, "created_by_admin": false, "notes": "", "created_at": "2025-07-30T12:05:09.622Z"}}, {"model": "fabrics.fabricroll", "pk": 101, "fields": {"fabric_color": 6, "width_meters": "34.80", "barcode": "0186508", "is_active": true, "created_by_admin": false, "notes": "", "created_at": "2025-07-30T12:05:44.815Z"}}, {"model": "fabrics.fabricroll", "pk": 102, "fields": {"fabric_color": 14, "width_meters": "27.10", "barcode": "2175971", "is_active": true, "created_by_admin": false, "notes": "", "created_at": "2025-07-30T12:06:09.087Z"}}, {"model": "fabrics.fabricroll", "pk": 103, "fields": {"fabric_color": 2, "width_meters": "33.80", "barcode": "5058359", "is_active": true, "created_by_admin": false, "notes": "", "created_at": "2025-07-30T12:07:14.244Z"}}, {"model": "finances.systemsettings", "pk": 1, "fields": {"vat_rate": "12.00", "markup_percentage": "20.00"}}, {"model": "core.userprofile", "pk": 1, "fields": {"user": 1, "role": "admin"}}, {"model": "core.userprofile", "pk": 2, "fields": {"user": 2, "role": "accountant"}}, {"model": "core.userprofile", "pk": 3, "fields": {"user": 3, "role": "warehouse"}}, {"model": "core.activitylog", "pk": 1, "fields": {"user": 1, "action": "create", "object_type": "Fabric", "object_id": 1, "description": "Создана ткань: Двухсторонний блэкаут (Китайский)", "timestamp": "2025-07-26T13:32:22.570Z"}}, {"model": "core.activitylog", "pk": 2, "fields": {"user": 1, "action": "create", "object_type": "FabricColor", "object_id": 1, "description": "Создан цвет: 100 (990) для ткани Двухсторонний блэкаут (Китайский)", "timestamp": "2025-07-26T13:32:43.041Z"}}, {"model": "core.activitylog", "pk": 3, "fields": {"user": 1, "action": "create", "object_type": "FabricColor", "object_id": 2, "description": "Создан цвет: 101 (839) для ткани Двухсторонний блэкаут (Китайский)", "timestamp": "2025-07-26T13:33:21.081Z"}}, {"model": "core.activitylog", "pk": 4, "fields": {"user": 1, "action": "create", "object_type": "FabricColor", "object_id": 3, "description": "Создан цвет: 102 (694) для ткани Двухсторонний блэкаут (Китайский)", "timestamp": "2025-07-26T13:33:34.661Z"}}, {"model": "core.activitylog", "pk": 5, "fields": {"user": 1, "action": "create", "object_type": "FabricColor", "object_id": 4, "description": "Создан цвет: 103 (373) для ткани Двухсторонний блэкаут (Китайский)", "timestamp": "2025-07-26T13:34:22.493Z"}}, {"model": "core.activitylog", "pk": 6, "fields": {"user": 1, "action": "create", "object_type": "FabricColor", "object_id": 5, "description": "Создан цвет: 104 (770) для ткани Двухсторонний блэкаут (Китайский)", "timestamp": "2025-07-26T13:34:28.864Z"}}, {"model": "core.activitylog", "pk": 7, "fields": {"user": 1, "action": "create", "object_type": "FabricColor", "object_id": 6, "description": "Создан цвет: 105 (243) для ткани Двухсторонний блэкаут (Китайский)", "timestamp": "2025-07-26T13:35:49.968Z"}}, {"model": "core.activitylog", "pk": 8, "fields": {"user": 1, "action": "create", "object_type": "FabricColor", "object_id": 7, "description": "Создан цвет: 106 (724) для ткани Двухсторонний блэкаут (Китайский)", "timestamp": "2025-07-26T13:35:58.599Z"}}, {"model": "core.activitylog", "pk": 9, "fields": {"user": 1, "action": "create", "object_type": "FabricColor", "object_id": 8, "description": "Создан цвет: 107 (160) для ткани Двухсторонний блэкаут (Китайский)", "timestamp": "2025-07-26T13:36:07.639Z"}}, {"model": "core.activitylog", "pk": 10, "fields": {"user": 1, "action": "create", "object_type": "FabricColor", "object_id": 9, "description": "Создан цвет: 109 (574) для ткани Двухсторонний блэкаут (Китайский)", "timestamp": "2025-07-26T13:36:14.272Z"}}, {"model": "core.activitylog", "pk": 11, "fields": {"user": 1, "action": "create", "object_type": "FabricColor", "object_id": 10, "description": "Создан цвет: 108 (841) для ткани Двухсторонний блэкаут (Китайский)", "timestamp": "2025-07-26T13:36:28.758Z"}}, {"model": "core.activitylog", "pk": 12, "fields": {"user": 1, "action": "create", "object_type": "FabricColor", "object_id": 11, "description": "Создан цвет: 111 (768) для ткани Двухсторонний блэкаут (Китайский)", "timestamp": "2025-07-26T13:36:40.518Z"}}, {"model": "core.activitylog", "pk": 13, "fields": {"user": 1, "action": "create", "object_type": "FabricColor", "object_id": 12, "description": "Создан цвет: 112 (712) для ткани Двухсторонний блэкаут (Китайский)", "timestamp": "2025-07-26T13:36:47.267Z"}}, {"model": "core.activitylog", "pk": 14, "fields": {"user": 1, "action": "create", "object_type": "FabricColor", "object_id": 13, "description": "Создан цвет: 113 (253) для ткани Двухсторонний блэкаут (Китайский)", "timestamp": "2025-07-26T13:36:52.799Z"}}, {"model": "core.activitylog", "pk": 15, "fields": {"user": 1, "action": "create", "object_type": "FabricColor", "object_id": 14, "description": "Создан цвет: 114 (597) для ткани Двухсторонний блэкаут (Китайский)", "timestamp": "2025-07-26T13:36:59.560Z"}}, {"model": "core.activitylog", "pk": 16, "fields": {"user": 1, "action": "create", "object_type": "FabricColor", "object_id": 15, "description": "Создан цвет: 115 (854) для ткани Двухсторонний блэкаут (Китайский)", "timestamp": "2025-07-26T13:37:04.992Z"}}, {"model": "core.activitylog", "pk": 17, "fields": {"user": 1, "action": "create", "object_type": "FabricColor", "object_id": 16, "description": "Создан цвет: 116 (360) для ткани Двухсторонний блэкаут (Китайский)", "timestamp": "2025-07-26T13:37:10.868Z"}}, {"model": "core.activitylog", "pk": 18, "fields": {"user": 1, "action": "create", "object_type": "FabricColor", "object_id": 17, "description": "Создан цвет: 117 (190) для ткани Двухсторонний блэкаут (Китайский)", "timestamp": "2025-07-26T13:37:16.037Z"}}, {"model": "core.activitylog", "pk": 19, "fields": {"user": 1, "action": "create", "object_type": "FabricColor", "object_id": 18, "description": "Создан цвет: 118 (305) для ткани Двухсторонний блэкаут (Китайский)", "timestamp": "2025-07-26T13:37:24.071Z"}}, {"model": "core.activitylog", "pk": 20, "fields": {"user": 1, "action": "create", "object_type": "FabricColor", "object_id": 19, "description": "Создан цвет: 119 (733) для ткани Двухсторонний блэкаут (Китайский)", "timestamp": "2025-07-26T13:37:30.555Z"}}, {"model": "core.activitylog", "pk": 21, "fields": {"user": 1, "action": "create", "object_type": "FabricRoll", "object_id": 1, "description": "Создан рулон 2759914 складовщиком", "timestamp": "2025-07-26T13:37:59.318Z"}}, {"model": "core.activitylog", "pk": 22, "fields": {"user": 1, "action": "create", "object_type": "Client", "object_id": 1, "description": "Создан клиент: АНЕЛЬ", "timestamp": "2025-07-26T13:46:13.376Z"}}, {"model": "core.activitylog", "pk": 23, "fields": {"user": 1, "action": "create", "object_type": "Deal", "object_id": 1, "description": "Создана сделка: ORD-20250726-0001", "timestamp": "2025-07-26T13:46:24.225Z"}}, {"model": "core.activitylog", "pk": 24, "fields": {"user": 1, "action": "create", "object_type": "DealItem", "object_id": 1, "description": "Добавлена позиция в сделку ORD-20250726-0001: Двухсторонний блэкаут (Китайский) (101)", "timestamp": "2025-07-26T13:47:00.166Z"}}, {"model": "core.activitylog", "pk": 25, "fields": {"user": 1, "action": "update", "object_type": "DealItem", "object_id": 1, "description": "Отредактирована позиция в сделке ORD-20250726-0001: Двухсторонний блэкаут (Китайский) (101)", "timestamp": "2025-07-26T13:47:57.165Z"}}, {"model": "core.activitylog", "pk": 26, "fields": {"user": 1, "action": "update", "object_type": "DealItem", "object_id": 1, "description": "Отредактирована позиция в сделке ORD-20250726-0001: Двухсторонний блэкаут (Китайский) (101)", "timestamp": "2025-07-26T13:47:57.241Z"}}, {"model": "core.activitylog", "pk": 27, "fields": {"user": 1, "action": "update", "object_type": "DealItem", "object_id": 1, "description": "Отредактирована позиция в сделке ORD-20250726-0001: Двухсторонний блэкаут (Китайский) (101)", "timestamp": "2025-07-26T13:48:06.018Z"}}, {"model": "core.activitylog", "pk": 28, "fields": {"user": 1, "action": "update", "object_type": "DealItem", "object_id": 1, "description": "Отредактирована позиция в сделке ORD-20250726-0001: Двухсторонний блэкаут (Китайский) (101)", "timestamp": "2025-07-26T13:48:06.026Z"}}, {"model": "core.activitylog", "pk": 29, "fields": {"user": 1, "action": "update", "object_type": "DealItem", "object_id": 1, "description": "Отредактирована позиция в сделке ORD-20250726-0001: Двухсторонний блэкаут (Китайский) (101)", "timestamp": "2025-07-26T13:48:13.382Z"}}, {"model": "core.activitylog", "pk": 30, "fields": {"user": 1, "action": "update", "object_type": "DealItem", "object_id": 1, "description": "Отредактирована позиция в сделке ORD-20250726-0001: Двухсторонний блэкаут (Китайский) (101)", "timestamp": "2025-07-26T13:48:13.380Z"}}, {"model": "core.activitylog", "pk": 31, "fields": {"user": 1, "action": "update", "object_type": "DealItem", "object_id": 1, "description": "Отредактирована позиция в сделке ORD-20250726-0001: Двухсторонний блэкаут (Китайский) (101)", "timestamp": "2025-07-26T13:48:25.981Z"}}, {"model": "core.activitylog", "pk": 32, "fields": {"user": 1, "action": "update", "object_type": "DealItem", "object_id": 1, "description": "Отредактирована позиция в сделке ORD-20250726-0001: Двухсторонний блэкаут (Китайский) (101)", "timestamp": "2025-07-26T13:48:25.978Z"}}, {"model": "core.activitylog", "pk": 33, "fields": {"user": 1, "action": "update", "object_type": "DealItem", "object_id": 1, "description": "Отредактирована позиция в сделке ORD-20250726-0001: Двухсторонний блэкаут (Китайский) (101)", "timestamp": "2025-07-26T13:49:06.653Z"}}, {"model": "core.activitylog", "pk": 34, "fields": {"user": 1, "action": "update", "object_type": "DealItem", "object_id": 1, "description": "Отредактирована позиция в сделке ORD-20250726-0001: Двухсторонний блэкаут (Китайский) (101)", "timestamp": "2025-07-26T13:49:06.665Z"}}, {"model": "core.activitylog", "pk": 35, "fields": {"user": 1, "action": "create", "object_type": "Fabric", "object_id": 2, "description": "Создана ткань: 2132", "timestamp": "2025-07-26T13:52:31.871Z"}}, {"model": "core.activitylog", "pk": 36, "fields": {"user": 1, "action": "create", "object_type": "FabricColor", "object_id": 20, "description": "Создан цвет: 1 (340) для ткани 2132", "timestamp": "2025-07-26T13:53:00.752Z"}}, {"model": "core.activitylog", "pk": 37, "fields": {"user": 1, "action": "create", "object_type": "FabricColor", "object_id": 21, "description": "Создан цвет: 1 (632) для ткани 2132", "timestamp": "2025-07-26T13:53:02.670Z"}}, {"model": "core.activitylog", "pk": 38, "fields": {"user": 1, "action": "create", "object_type": "FabricColor", "object_id": 22, "description": "Создан цвет: 4 (755) для ткани 2132", "timestamp": "2025-07-26T13:53:11.271Z"}}, {"model": "core.activitylog", "pk": 39, "fields": {"user": 1, "action": "create", "object_type": "FabricColor", "object_id": 23, "description": "Создан цвет: 5 (989) для ткани 2132", "timestamp": "2025-07-26T13:53:20.947Z"}}, {"model": "core.activitylog", "pk": 40, "fields": {"user": 1, "action": "create", "object_type": "DealItem", "object_id": 2, "description": "Добавлена позиция в сделку ORD-20250726-0001: 2132 (4)", "timestamp": "2025-07-26T13:54:07.272Z"}}, {"model": "core.activitylog", "pk": 41, "fields": {"user": 1, "action": "create", "object_type": "DealItem", "object_id": 3, "description": "Добавлена позиция в сделку ORD-20250726-0001: 2132 (4)", "timestamp": "2025-07-26T13:54:07.747Z"}}, {"model": "core.activitylog", "pk": 42, "fields": {"user": 1, "action": "delete", "object_type": "DealItem", "object_id": 3, "description": "Удалена позиция из сделки: ORD-20250726-0001", "timestamp": "2025-07-26T13:54:14.621Z"}}, {"model": "core.activitylog", "pk": 43, "fields": {"user": 1, "action": "create", "object_type": "DealItem", "object_id": 4, "description": "Добавлена позиция в сделку ORD-20250726-0001: Двухсторонний блэкаут (Китайский) (104)", "timestamp": "2025-07-26T13:54:56.440Z"}}, {"model": "core.activitylog", "pk": 44, "fields": {"user": 1, "action": "update", "object_type": "Deal", "object_id": 1, "description": "Изменен статус сделки ORD-20250726-0001: Создан → Ожидание оплаты", "timestamp": "2025-07-26T13:55:20.465Z"}}, {"model": "core.activitylog", "pk": 45, "fields": {"user": 1, "action": "update", "object_type": "Deal", "object_id": 1, "description": "Изменен статус сделки ORD-20250726-0001: Ожидание оплаты → Ожидание оплаты", "timestamp": "2025-07-26T13:55:21.876Z"}}, {"model": "core.activitylog", "pk": 46, "fields": {"user": 2, "action": "create", "object_type": "Client", "object_id": 2, "description": "Создан клиент: сережа", "timestamp": "2025-07-26T14:02:18.070Z"}}, {"model": "core.activitylog", "pk": 47, "fields": {"user": 2, "action": "create", "object_type": "Deal", "object_id": 2, "description": "Создана сделка: ORD-20250726-0002", "timestamp": "2025-07-26T14:02:32.889Z"}}, {"model": "core.activitylog", "pk": 48, "fields": {"user": 1, "action": "create", "object_type": "DealItem", "object_id": 5, "description": "Добавлена позиция в сделку ORD-20250726-0002: 2132 (1)", "timestamp": "2025-07-26T14:04:25.125Z"}}, {"model": "core.activitylog", "pk": 49, "fields": {"user": 1, "action": "update", "object_type": "Deal", "object_id": 1, "description": "Изменен статус сделки ORD-20250726-0001: Ожидание оплаты → Оплачен", "timestamp": "2025-07-26T14:05:39.349Z"}}, {"model": "core.activitylog", "pk": 50, "fields": {"user": 1, "action": "create", "object_type": "DealItem", "object_id": 6, "description": "Добавлена позиция в сделку ORD-20250726-0002: 2132 (4)", "timestamp": "2025-07-26T14:08:26.805Z"}}, {"model": "core.activitylog", "pk": 51, "fields": {"user": 1, "action": "update", "object_type": "Deal", "object_id": 2, "description": "Изменен статус сделки ORD-20250726-0002: Создан → Ожидание оплаты", "timestamp": "2025-07-26T14:08:31.590Z"}}, {"model": "core.activitylog", "pk": 52, "fields": {"user": 1, "action": "create", "object_type": "Deal", "object_id": 3, "description": "Создана сделка: ORD-20250726-0003", "timestamp": "2025-07-26T14:08:50.562Z"}}, {"model": "core.activitylog", "pk": 53, "fields": {"user": 1, "action": "create", "object_type": "FabricRoll", "object_id": 2, "description": "Создан рулон 7583192 складовщиком", "timestamp": "2025-07-26T14:15:42.633Z"}}, {"model": "core.activitylog", "pk": 54, "fields": {"user": 1, "action": "update", "object_type": "FabricRoll", "object_id": 2, "description": "Рулон 7583192 списан через сканирование", "timestamp": "2025-07-26T14:24:42.484Z"}}, {"model": "core.activitylog", "pk": 55, "fields": {"user": 1, "action": "create", "object_type": "FabricRoll", "object_id": 3, "description": "Создан рулон 7367125 складовщиком", "timestamp": "2025-07-26T14:27:15.780Z"}}, {"model": "core.activitylog", "pk": 56, "fields": {"user": 1, "action": "create", "object_type": "FabricRoll", "object_id": 4, "description": "Создан рулон 0435353 складовщиком", "timestamp": "2025-07-26T14:27:33.569Z"}}, {"model": "core.activitylog", "pk": 57, "fields": {"user": 1, "action": "create", "object_type": "FabricRoll", "object_id": 5, "description": "Создан рулон 6466234 складовщиком", "timestamp": "2025-07-26T14:31:04.972Z"}}, {"model": "core.activitylog", "pk": 58, "fields": {"user": 1, "action": "create", "object_type": "FabricRoll", "object_id": 6, "description": "Создан рулон 1032895 складовщиком", "timestamp": "2025-07-26T14:31:46.975Z"}}, {"model": "core.activitylog", "pk": 59, "fields": {"user": 1, "action": "create", "object_type": "FabricRoll", "object_id": 7, "description": "Создан рулон 9617717 складовщиком", "timestamp": "2025-07-26T14:32:10.638Z"}}, {"model": "core.activitylog", "pk": 60, "fields": {"user": 1, "action": "update", "object_type": "FabricRoll", "object_id": 7, "description": "Рулон 9617717 списан через сканирование", "timestamp": "2025-07-26T14:33:41.591Z"}}, {"model": "core.activitylog", "pk": 61, "fields": {"user": 1, "action": "update", "object_type": "FabricRoll", "object_id": 5, "description": "Рулон 6466234 списан через сканирование", "timestamp": "2025-07-26T14:37:12.323Z"}}, {"model": "core.activitylog", "pk": 62, "fields": {"user": 3, "action": "create", "object_type": "FabricRoll", "object_id": 8, "description": "Создан рулон 2135954 складовщиком", "timestamp": "2025-07-26T14:41:03.382Z"}}, {"model": "core.activitylog", "pk": 63, "fields": {"user": 2, "action": "create", "object_type": "Deal", "object_id": 4, "description": "Создана сделка: ORD-20250726-0004", "timestamp": "2025-07-26T14:48:44.268Z"}}, {"model": "core.activitylog", "pk": 64, "fields": {"user": 1, "action": "update", "object_type": "Deal", "object_id": 4, "description": "Изменен статус сделки ORD-20250726-0004: Создан → Ожидание оплаты", "timestamp": "2025-07-28T15:30:22.045Z"}}, {"model": "core.activitylog", "pk": 65, "fields": {"user": 1, "action": "update", "object_type": "Deal", "object_id": 4, "description": "Изменен статус сделки ORD-20250726-0004: Создан → Ожидание оплаты", "timestamp": "2025-07-28T15:30:22.053Z"}}, {"model": "core.activitylog", "pk": 66, "fields": {"user": 1, "action": "create", "object_type": "DealItem", "object_id": 7, "description": "Добавлена позиция в сделку ORD-20250726-0004: 2132 (1)", "timestamp": "2025-07-28T15:30:33.741Z"}}, {"model": "core.activitylog", "pk": 67, "fields": {"user": 1, "action": "create", "object_type": "DealItem", "object_id": 8, "description": "Добавлена позиция в сделку ORD-20250726-0004: Двухсторонний блэкаут (Китайский) (101)", "timestamp": "2025-07-28T19:51:35.080Z"}}, {"model": "core.activitylog", "pk": 68, "fields": {"user": 1, "action": "update", "object_type": "Deal", "object_id": 4, "description": "Изменен статус сделки ORD-20250726-0004: Ожидание оплаты → Оплачен", "timestamp": "2025-07-28T20:55:10.712Z"}}, {"model": "core.activitylog", "pk": 69, "fields": {"user": 1, "action": "update", "object_type": "Deal", "object_id": 4, "description": "Изменен статус сделки ORD-20250726-0004: Ожидание оплаты → Оплачен", "timestamp": "2025-07-28T20:55:10.719Z"}}, {"model": "core.activitylog", "pk": 70, "fields": {"user": 2, "action": "create", "object_type": "DealItem", "object_id": 9, "description": "Добавлена позиция в сделку ORD-20250726-0003: 2132 (1)", "timestamp": "2025-07-28T21:05:44.184Z"}}, {"model": "core.activitylog", "pk": 71, "fields": {"user": 2, "action": "update", "object_type": "DealItem", "object_id": 9, "description": "Отредактирована позиция в сделке ORD-20250726-0003: 2132 (1)", "timestamp": "2025-07-28T21:05:59.687Z"}}, {"model": "core.activitylog", "pk": 72, "fields": {"user": 2, "action": "update", "object_type": "DealItem", "object_id": 9, "description": "Отредактирована позиция в сделке ORD-20250726-0003: 2132 (1)", "timestamp": "2025-07-28T21:05:59.701Z"}}, {"model": "core.activitylog", "pk": 73, "fields": {"user": 2, "action": "update", "object_type": "DealItem", "object_id": 9, "description": "Отредактирована позиция в сделке ORD-20250726-0003: 2132 (1)", "timestamp": "2025-07-28T21:05:59.714Z"}}, {"model": "core.activitylog", "pk": 74, "fields": {"user": 2, "action": "update", "object_type": "Deal", "object_id": 3, "description": "Изменен статус сделки ORD-20250726-0003: Создан → Ожидание оплаты", "timestamp": "2025-07-28T21:06:01.860Z"}}, {"model": "core.activitylog", "pk": 75, "fields": {"user": 2, "action": "update", "object_type": "Deal", "object_id": 3, "description": "Изменен статус сделки ORD-20250726-0003: Ожидание оплаты → Ожидание оплаты", "timestamp": "2025-07-28T21:06:01.867Z"}}, {"model": "core.activitylog", "pk": 76, "fields": {"user": 3, "action": "create", "object_type": "Fabric", "object_id": 3, "description": "Создана ткань: 2178", "timestamp": "2025-07-29T11:00:49.705Z"}}, {"model": "core.activitylog", "pk": 77, "fields": {"user": 1, "action": "create", "object_type": "FabricRoll", "object_id": 9, "description": "Создан рулон 4946231 складовщиком", "timestamp": "2025-07-29T12:25:29.028Z"}}, {"model": "core.activitylog", "pk": 78, "fields": {"user": 1, "action": "create", "object_type": "FabricRoll", "object_id": 10, "description": "Создан рулон 2991985 складовщиком", "timestamp": "2025-07-29T12:37:59.104Z"}}, {"model": "core.activitylog", "pk": 79, "fields": {"user": 1, "action": "create", "object_type": "FabricRoll", "object_id": 11, "description": "Создан рулон 3210777 складовщиком", "timestamp": "2025-07-29T12:38:08.354Z"}}, {"model": "core.activitylog", "pk": 80, "fields": {"user": 1, "action": "create", "object_type": "FabricRoll", "object_id": 12, "description": "Создан рулон 3417477 складовщиком", "timestamp": "2025-07-29T12:38:17.706Z"}}, {"model": "core.activitylog", "pk": 81, "fields": {"user": 1, "action": "create", "object_type": "Fabric", "object_id": 4, "description": "Создана ткань: тест", "timestamp": "2025-07-29T12:41:28.732Z"}}, {"model": "core.activitylog", "pk": 82, "fields": {"user": 1, "action": "delete", "object_type": "Fabric", "object_id": 4, "description": "Удалена ткань: тест (цветов: 0, рулонов: 0, сделок: 0)", "timestamp": "2025-07-29T12:41:35.062Z"}}, {"model": "core.activitylog", "pk": 83, "fields": {"user": 1, "action": "create", "object_type": "FabricColor", "object_id": 24, "description": "Создан цвет: 2 (106) для ткани 2178", "timestamp": "2025-07-29T12:41:48.530Z"}}, {"model": "core.activitylog", "pk": 84, "fields": {"user": 1, "action": "create", "object_type": "FabricColor", "object_id": 25, "description": "Создан цвет: 3 (621) для ткани 2178", "timestamp": "2025-07-29T12:41:53.871Z"}}, {"model": "core.activitylog", "pk": 85, "fields": {"user": 1, "action": "create", "object_type": "FabricColor", "object_id": 26, "description": "Создан цвет: 4 (500) для ткани 2178", "timestamp": "2025-07-29T12:41:57.829Z"}}, {"model": "core.activitylog", "pk": 86, "fields": {"user": 1, "action": "create", "object_type": "FabricRoll", "object_id": 13, "description": "Создан рулон 7734011 складовщиком", "timestamp": "2025-07-29T12:43:25.682Z"}}, {"model": "core.activitylog", "pk": 87, "fields": {"user": 1, "action": "create", "object_type": "FabricRoll", "object_id": 14, "description": "Создан рулон 0601563 складовщиком", "timestamp": "2025-07-29T12:43:50.984Z"}}, {"model": "core.activitylog", "pk": 88, "fields": {"user": 1, "action": "create", "object_type": "Fabric", "object_id": 5, "description": "Создана ткань: тест", "timestamp": "2025-07-29T12:52:28.744Z"}}, {"model": "core.activitylog", "pk": 89, "fields": {"user": 1, "action": "delete", "object_type": "Fabric", "object_id": 5, "description": "Удалена ткань: тест (цветов: 0, рулонов: 0, сделок: 0)", "timestamp": "2025-07-29T12:52:33.500Z"}}, {"model": "core.activitylog", "pk": 90, "fields": {"user": 3, "action": "delete", "object_type": "FabricRoll", "object_id": 14, "description": "Рулон 0601563 удален безвозвратно складовщиком", "timestamp": "2025-07-29T13:01:12.217Z"}}, {"model": "core.activitylog", "pk": 91, "fields": {"user": 3, "action": "delete", "object_type": "FabricRoll", "object_id": 13, "description": "Рулон 7734011 удален безвозвратно складовщиком", "timestamp": "2025-07-29T13:01:18.903Z"}}, {"model": "core.activitylog", "pk": 92, "fields": {"user": 3, "action": "delete", "object_type": "FabricRoll", "object_id": 12, "description": "Рулон 3417477 удален безвозвратно складовщиком", "timestamp": "2025-07-29T13:01:24.286Z"}}, {"model": "core.activitylog", "pk": 93, "fields": {"user": 3, "action": "delete", "object_type": "FabricRoll", "object_id": 11, "description": "Рулон 3210777 удален безвозвратно складовщиком", "timestamp": "2025-07-29T13:01:30.749Z"}}, {"model": "core.activitylog", "pk": 94, "fields": {"user": 2, "action": "create", "object_type": "Client", "object_id": 3, "description": "Создан клиент: Перезат", "timestamp": "2025-07-29T13:03:25.487Z"}}, {"model": "core.activitylog", "pk": 95, "fields": {"user": 2, "action": "create", "object_type": "Deal", "object_id": 5, "description": "Создана сделка: ORD-20250729-0001", "timestamp": "2025-07-29T13:03:33.249Z"}}, {"model": "core.activitylog", "pk": 96, "fields": {"user": 2, "action": "create", "object_type": "Fabric", "object_id": 6, "description": "Создана ткань: Французский", "timestamp": "2025-07-29T13:04:03.493Z"}}, {"model": "core.activitylog", "pk": 97, "fields": {"user": 2, "action": "create", "object_type": "FabricColor", "object_id": 27, "description": "Создан цвет: 1 (895) для ткани Французский", "timestamp": "2025-07-29T13:04:12.745Z"}}, {"model": "core.activitylog", "pk": 98, "fields": {"user": 2, "action": "create", "object_type": "Fabric", "object_id": 7, "description": "Создана ткань: 863", "timestamp": "2025-07-29T13:04:26.428Z"}}, {"model": "core.activitylog", "pk": 99, "fields": {"user": 2, "action": "create", "object_type": "FabricColor", "object_id": 28, "description": "Создан цвет: 13 (274) для ткани 863", "timestamp": "2025-07-29T13:04:51.883Z"}}, {"model": "core.activitylog", "pk": 100, "fields": {"user": 2, "action": "create", "object_type": "FabricColor", "object_id": 29, "description": "Создан цвет: 13 (500) для ткани 863", "timestamp": "2025-07-29T13:04:54.631Z"}}, {"model": "core.activitylog", "pk": 101, "fields": {"user": 2, "action": "create", "object_type": "Fabric", "object_id": 8, "description": "Создана ткань: Лента Хб", "timestamp": "2025-07-29T13:05:09.910Z"}}, {"model": "core.activitylog", "pk": 102, "fields": {"user": 2, "action": "update", "object_type": "Fabric", "object_id": 8, "description": "Отредактирована ткань: Лента", "timestamp": "2025-07-29T13:05:16.029Z"}}, {"model": "core.activitylog", "pk": 103, "fields": {"user": 2, "action": "create", "object_type": "FabricColor", "object_id": 30, "description": "Создан цвет: Хб (660) для ткани Лента", "timestamp": "2025-07-29T13:05:24.340Z"}}, {"model": "core.activitylog", "pk": 104, "fields": {"user": 2, "action": "create", "object_type": "DealItem", "object_id": 10, "description": "Добавлена позиция в сделку ORD-20250729-0001: Французский (1)", "timestamp": "2025-07-29T13:06:07.419Z"}}, {"model": "core.activitylog", "pk": 105, "fields": {"user": 2, "action": "create", "object_type": "DealItem", "object_id": 11, "description": "Добавлена позиция в сделку ORD-20250729-0001: 863 (13)", "timestamp": "2025-07-29T13:06:53.806Z"}}, {"model": "core.activitylog", "pk": 106, "fields": {"user": 2, "action": "create", "object_type": "DealItem", "object_id": 12, "description": "Добавлена позиция в сделку ORD-20250729-0001: Лента (Хб)", "timestamp": "2025-07-29T13:07:08.024Z"}}, {"model": "core.activitylog", "pk": 107, "fields": {"user": 2, "action": "update", "object_type": "Deal", "object_id": 5, "description": "Изменен статус сделки ORD-20250729-0001: Создан → Ожидание оплаты", "timestamp": "2025-07-29T13:07:16.958Z"}}, {"model": "core.activitylog", "pk": 108, "fields": {"user": 2, "action": "update", "object_type": "Deal", "object_id": 5, "description": "Изменен статус сделки ORD-20250729-0001: Создан → Ожидание оплаты", "timestamp": "2025-07-29T13:07:16.966Z"}}, {"model": "core.activitylog", "pk": 109, "fields": {"user": 2, "action": "delete", "object_type": "DealItem", "object_id": 12, "description": "Удалена позиция из сделки: ORD-20250729-0001", "timestamp": "2025-07-29T13:08:31.288Z"}}, {"model": "core.activitylog", "pk": 110, "fields": {"user": 2, "action": "create", "object_type": "DealItem", "object_id": 13, "description": "Добавлена позиция в сделку ORD-20250729-0001: Лента (Хб)", "timestamp": "2025-07-29T13:09:17.723Z"}}, {"model": "core.activitylog", "pk": 111, "fields": {"user": 2, "action": "delete", "object_type": "DealItem", "object_id": 11, "description": "Удалена позиция из сделки: ORD-20250729-0001", "timestamp": "2025-07-29T13:10:33.903Z"}}, {"model": "core.activitylog", "pk": 112, "fields": {"user": 2, "action": "create", "object_type": "DealItem", "object_id": 14, "description": "Добавлена позиция в сделку ORD-20250729-0001: 863 (13)", "timestamp": "2025-07-29T13:11:13.137Z"}}, {"model": "core.activitylog", "pk": 113, "fields": {"user": 2, "action": "update", "object_type": "DealItem", "object_id": 14, "description": "Отредактирована позиция в сделке ORD-20250729-0001: 863 (13)", "timestamp": "2025-07-29T13:12:12.606Z"}}, {"model": "core.activitylog", "pk": 114, "fields": {"user": 2, "action": "update", "object_type": "DealItem", "object_id": 14, "description": "Отредактирована позиция в сделке ORD-20250729-0001: 863 (13)", "timestamp": "2025-07-29T13:12:12.619Z"}}, {"model": "core.activitylog", "pk": 115, "fields": {"user": 2, "action": "update", "object_type": "DealItem", "object_id": 14, "description": "Отредактирована позиция в сделке ORD-20250729-0001: 863 (13)", "timestamp": "2025-07-29T13:12:12.641Z"}}, {"model": "core.activitylog", "pk": 116, "fields": {"user": 2, "action": "create", "object_type": "Fabric", "object_id": 9, "description": "Создана ткань: 6053", "timestamp": "2025-07-29T13:14:47.003Z"}}, {"model": "core.activitylog", "pk": 117, "fields": {"user": 2, "action": "create", "object_type": "FabricColor", "object_id": 31, "description": "Создан цвет: 1 (330) для ткани 6053", "timestamp": "2025-07-29T13:14:51.647Z"}}, {"model": "core.activitylog", "pk": 118, "fields": {"user": 2, "action": "create", "object_type": "Deal", "object_id": 6, "description": "Создана сделка: ORD-20250729-0002", "timestamp": "2025-07-29T13:15:22.600Z"}}, {"model": "core.activitylog", "pk": 119, "fields": {"user": 1, "action": "update", "object_type": "FabricColor", "object_id": 21, "description": "Отредактирован цвет: 1 (632) для ткани 2132", "timestamp": "2025-07-29T13:22:38.141Z"}}, {"model": "core.activitylog", "pk": 120, "fields": {"user": 1, "action": "delete", "object_type": "Fabric", "object_id": 2, "description": "Удалена ткань: 2132 (цветов: 4, рулонов: 0, сделок: 5)", "timestamp": "2025-07-29T13:22:53.481Z"}}, {"model": "core.activitylog", "pk": 121, "fields": {"user": 3, "action": "delete", "object_type": "FabricRoll", "object_id": 10, "description": "Рулон 2991985 удален безвозвратно складовщиком", "timestamp": "2025-07-29T13:27:17.086Z"}}, {"model": "core.activitylog", "pk": 122, "fields": {"user": 3, "action": "delete", "object_type": "FabricRoll", "object_id": 9, "description": "Рулон 4946231 удален безвозвратно складовщиком", "timestamp": "2025-07-29T13:27:23.091Z"}}, {"model": "core.activitylog", "pk": 123, "fields": {"user": 3, "action": "delete", "object_type": "FabricRoll", "object_id": 8, "description": "Рулон 2135954 удален безвозвратно складовщиком", "timestamp": "2025-07-29T13:27:28.106Z"}}, {"model": "core.activitylog", "pk": 124, "fields": {"user": 3, "action": "delete", "object_type": "FabricRoll", "object_id": 6, "description": "Рулон 1032895 удален безвозвратно складовщиком", "timestamp": "2025-07-29T13:27:33.786Z"}}, {"model": "core.activitylog", "pk": 125, "fields": {"user": 3, "action": "delete", "object_type": "FabricRoll", "object_id": 4, "description": "Рулон 0435353 удален безвозвратно складовщиком", "timestamp": "2025-07-29T13:27:40.618Z"}}, {"model": "core.activitylog", "pk": 126, "fields": {"user": 3, "action": "delete", "object_type": "FabricRoll", "object_id": 3, "description": "Рулон 7367125 удален безвозвратно складовщиком", "timestamp": "2025-07-29T13:27:44.790Z"}}, {"model": "core.activitylog", "pk": 127, "fields": {"user": 3, "action": "delete", "object_type": "FabricRoll", "object_id": 1, "description": "Рулон 2759914 удален безвозвратно складовщиком", "timestamp": "2025-07-29T13:27:49.668Z"}}, {"model": "core.activitylog", "pk": 128, "fields": {"user": 3, "action": "create", "object_type": "FabricRoll", "object_id": 15, "description": "Создан рулон 2222276 складовщиком", "timestamp": "2025-07-29T13:29:03.754Z"}}, {"model": "core.activitylog", "pk": 129, "fields": {"user": 3, "action": "create", "object_type": "FabricRoll", "object_id": 16, "description": "Создан рулон 7539311 складовщиком", "timestamp": "2025-07-29T13:31:02.622Z"}}, {"model": "core.activitylog", "pk": 130, "fields": {"user": 3, "action": "create", "object_type": "FabricRoll", "object_id": 17, "description": "Создан рулон 0503432 складовщиком", "timestamp": "2025-07-29T13:31:05.251Z"}}, {"model": "core.activitylog", "pk": 131, "fields": {"user": 3, "action": "create", "object_type": "FabricRoll", "object_id": 18, "description": "Создан рулон 6490107 складовщиком", "timestamp": "2025-07-29T13:32:16.303Z"}}, {"model": "core.activitylog", "pk": 132, "fields": {"user": 3, "action": "create", "object_type": "FabricRoll", "object_id": 19, "description": "Создан рулон 8032677 складовщиком", "timestamp": "2025-07-29T13:33:38.021Z"}}, {"model": "core.activitylog", "pk": 133, "fields": {"user": 3, "action": "create", "object_type": "FabricRoll", "object_id": 20, "description": "Создан рулон 3055000 складовщиком", "timestamp": "2025-07-29T13:34:35.763Z"}}, {"model": "core.activitylog", "pk": 134, "fields": {"user": 3, "action": "create", "object_type": "FabricRoll", "object_id": 21, "description": "Создан рулон 5099136 складовщиком", "timestamp": "2025-07-29T13:35:32.252Z"}}, {"model": "core.activitylog", "pk": 135, "fields": {"user": 3, "action": "create", "object_type": "FabricRoll", "object_id": 22, "description": "Создан рулон 6473470 складовщиком", "timestamp": "2025-07-29T13:36:33.900Z"}}, {"model": "core.activitylog", "pk": 136, "fields": {"user": 3, "action": "create", "object_type": "FabricRoll", "object_id": 23, "description": "Создан рулон 2120354 складовщиком", "timestamp": "2025-07-29T13:37:17.683Z"}}, {"model": "core.activitylog", "pk": 137, "fields": {"user": 3, "action": "create", "object_type": "FabricRoll", "object_id": 24, "description": "Создан рулон 7623304 складовщиком", "timestamp": "2025-07-29T13:38:22.114Z"}}, {"model": "core.activitylog", "pk": 138, "fields": {"user": 3, "action": "create", "object_type": "FabricRoll", "object_id": 25, "description": "Создан рулон 1553545 складовщиком", "timestamp": "2025-07-29T13:38:54.227Z"}}, {"model": "core.activitylog", "pk": 139, "fields": {"user": 3, "action": "create", "object_type": "FabricRoll", "object_id": 26, "description": "Создан рулон 4542460 складовщиком", "timestamp": "2025-07-29T13:39:36.563Z"}}, {"model": "core.activitylog", "pk": 140, "fields": {"user": 3, "action": "create", "object_type": "FabricRoll", "object_id": 27, "description": "Создан рулон 8016061 складовщиком", "timestamp": "2025-07-29T13:44:41.554Z"}}, {"model": "core.activitylog", "pk": 141, "fields": {"user": 3, "action": "create", "object_type": "FabricRoll", "object_id": 28, "description": "Создан рулон 8114443 складовщиком", "timestamp": "2025-07-29T13:45:54.107Z"}}, {"model": "core.activitylog", "pk": 142, "fields": {"user": 3, "action": "create", "object_type": "FabricRoll", "object_id": 29, "description": "Создан рулон 5699399 складовщиком", "timestamp": "2025-07-29T13:46:33.880Z"}}, {"model": "core.activitylog", "pk": 143, "fields": {"user": 3, "action": "create", "object_type": "FabricRoll", "object_id": 30, "description": "Создан рулон 1286341 складовщиком", "timestamp": "2025-07-29T13:47:16.403Z"}}, {"model": "core.activitylog", "pk": 144, "fields": {"user": 3, "action": "create", "object_type": "FabricRoll", "object_id": 31, "description": "Создан рулон 1856497 складовщиком", "timestamp": "2025-07-29T13:48:32.948Z"}}, {"model": "core.activitylog", "pk": 145, "fields": {"user": 3, "action": "create", "object_type": "FabricRoll", "object_id": 32, "description": "Создан рулон 9281786 складовщиком", "timestamp": "2025-07-29T13:49:21.470Z"}}, {"model": "core.activitylog", "pk": 146, "fields": {"user": 3, "action": "create", "object_type": "FabricRoll", "object_id": 33, "description": "Создан рулон 2523121 складовщиком", "timestamp": "2025-07-29T13:49:53.052Z"}}, {"model": "core.activitylog", "pk": 147, "fields": {"user": 3, "action": "create", "object_type": "FabricRoll", "object_id": 34, "description": "Создан рулон 7528518 складовщиком", "timestamp": "2025-07-29T13:50:30.180Z"}}, {"model": "core.activitylog", "pk": 148, "fields": {"user": 3, "action": "create", "object_type": "FabricRoll", "object_id": 35, "description": "Создан рулон 3567961 складовщиком", "timestamp": "2025-07-29T13:51:12.323Z"}}, {"model": "core.activitylog", "pk": 149, "fields": {"user": 3, "action": "create", "object_type": "FabricRoll", "object_id": 36, "description": "Создан рулон 6170050 складовщиком", "timestamp": "2025-07-29T13:51:43.517Z"}}, {"model": "core.activitylog", "pk": 150, "fields": {"user": 3, "action": "create", "object_type": "FabricRoll", "object_id": 37, "description": "Создан рулон 6566140 складовщиком", "timestamp": "2025-07-29T13:52:20.411Z"}}, {"model": "core.activitylog", "pk": 151, "fields": {"user": 3, "action": "create", "object_type": "FabricRoll", "object_id": 38, "description": "Создан рулон 5256248 складовщиком", "timestamp": "2025-07-29T13:52:55.364Z"}}, {"model": "core.activitylog", "pk": 152, "fields": {"user": 3, "action": "create", "object_type": "FabricRoll", "object_id": 39, "description": "Создан рулон 3981666 складовщиком", "timestamp": "2025-07-29T13:53:31.815Z"}}, {"model": "core.activitylog", "pk": 153, "fields": {"user": 3, "action": "create", "object_type": "FabricRoll", "object_id": 40, "description": "Создан рулон 2819819 складовщиком", "timestamp": "2025-07-29T13:55:30.551Z"}}, {"model": "core.activitylog", "pk": 154, "fields": {"user": 3, "action": "create", "object_type": "FabricRoll", "object_id": 41, "description": "Создан рулон 9823347 складовщиком", "timestamp": "2025-07-29T13:55:59.003Z"}}, {"model": "core.activitylog", "pk": 155, "fields": {"user": 3, "action": "create", "object_type": "FabricRoll", "object_id": 42, "description": "Создан рулон 7728815 складовщиком", "timestamp": "2025-07-29T13:56:44.045Z"}}, {"model": "core.activitylog", "pk": 156, "fields": {"user": 3, "action": "create", "object_type": "FabricRoll", "object_id": 43, "description": "Создан рулон 9542623 складовщиком", "timestamp": "2025-07-29T13:57:16.754Z"}}, {"model": "core.activitylog", "pk": 157, "fields": {"user": 3, "action": "create", "object_type": "FabricRoll", "object_id": 44, "description": "Создан рулон 4237758 складовщиком", "timestamp": "2025-07-29T13:57:50.312Z"}}, {"model": "core.activitylog", "pk": 158, "fields": {"user": 3, "action": "create", "object_type": "FabricRoll", "object_id": 45, "description": "Создан рулон 6906997 складовщиком", "timestamp": "2025-07-29T13:58:19.337Z"}}, {"model": "core.activitylog", "pk": 159, "fields": {"user": 3, "action": "create", "object_type": "FabricRoll", "object_id": 46, "description": "Создан рулон 6623606 складовщиком", "timestamp": "2025-07-29T13:58:52.104Z"}}, {"model": "core.activitylog", "pk": 160, "fields": {"user": 3, "action": "create", "object_type": "FabricRoll", "object_id": 47, "description": "Создан рулон 3392270 складовщиком", "timestamp": "2025-07-29T13:59:20.785Z"}}, {"model": "core.activitylog", "pk": 161, "fields": {"user": 3, "action": "create", "object_type": "FabricRoll", "object_id": 48, "description": "Создан рулон 7656832 складовщиком", "timestamp": "2025-07-29T13:59:50.846Z"}}, {"model": "core.activitylog", "pk": 162, "fields": {"user": 3, "action": "create", "object_type": "FabricRoll", "object_id": 49, "description": "Создан рулон 2085579 складовщиком", "timestamp": "2025-07-29T14:00:29.394Z"}}, {"model": "core.activitylog", "pk": 163, "fields": {"user": 3, "action": "create", "object_type": "FabricRoll", "object_id": 50, "description": "Создан рулон 8838016 складовщиком", "timestamp": "2025-07-29T14:01:26.895Z"}}, {"model": "core.activitylog", "pk": 164, "fields": {"user": 1, "action": "update", "object_type": "Fabric", "object_id": 1, "description": "Отредактирована ткань: Двухсторонний блэкаут (Китайский)", "timestamp": "2025-07-29T14:02:32.831Z"}}, {"model": "core.activitylog", "pk": 165, "fields": {"user": 1, "action": "update", "object_type": "Fabric", "object_id": 1, "description": "Отредактирована ткань: Двухсторонний блэкаут (Китайский)", "timestamp": "2025-07-29T14:02:33.049Z"}}, {"model": "core.activitylog", "pk": 166, "fields": {"user": 1, "action": "update", "object_type": "Fabric", "object_id": 1, "description": "Отредактирована ткань: Двухсторонний блэкаут (Китайский)", "timestamp": "2025-07-29T14:02:33.194Z"}}, {"model": "core.activitylog", "pk": 167, "fields": {"user": 1, "action": "update", "object_type": "Fabric", "object_id": 1, "description": "Отредактирована ткань: Двухсторонний блэкаут (Китайский)", "timestamp": "2025-07-29T14:02:46.287Z"}}, {"model": "core.activitylog", "pk": 168, "fields": {"user": 3, "action": "create", "object_type": "FabricRoll", "object_id": 51, "description": "Создан рулон 1737569 складовщиком", "timestamp": "2025-07-29T14:04:27.722Z"}}, {"model": "core.activitylog", "pk": 169, "fields": {"user": 3, "action": "create", "object_type": "FabricRoll", "object_id": 52, "description": "Создан рулон 7597314 складовщиком", "timestamp": "2025-07-29T14:05:14.569Z"}}, {"model": "core.activitylog", "pk": 170, "fields": {"user": 3, "action": "create", "object_type": "FabricRoll", "object_id": 53, "description": "Создан рулон 6151331 складовщиком", "timestamp": "2025-07-29T14:06:21.582Z"}}, {"model": "core.activitylog", "pk": 171, "fields": {"user": 3, "action": "create", "object_type": "FabricRoll", "object_id": 54, "description": "Создан рулон 4675013 складовщиком", "timestamp": "2025-07-29T14:08:30.182Z"}}, {"model": "core.activitylog", "pk": 172, "fields": {"user": 3, "action": "create", "object_type": "FabricRoll", "object_id": 55, "description": "Создан рулон 3867404 складовщиком", "timestamp": "2025-07-29T14:09:15.262Z"}}, {"model": "core.activitylog", "pk": 173, "fields": {"user": 3, "action": "create", "object_type": "FabricRoll", "object_id": 56, "description": "Создан рулон 2860821 складовщиком", "timestamp": "2025-07-29T14:09:56.670Z"}}, {"model": "core.activitylog", "pk": 174, "fields": {"user": 3, "action": "create", "object_type": "FabricRoll", "object_id": 57, "description": "Создан рулон 2835090 складовщиком", "timestamp": "2025-07-29T14:10:42.632Z"}}, {"model": "core.activitylog", "pk": 175, "fields": {"user": 3, "action": "create", "object_type": "FabricRoll", "object_id": 58, "description": "Создан рулон 5305264 складовщиком", "timestamp": "2025-07-29T14:10:45.698Z"}}, {"model": "core.activitylog", "pk": 176, "fields": {"user": 3, "action": "create", "object_type": "FabricRoll", "object_id": 59, "description": "Создан рулон 2756089 складовщиком", "timestamp": "2025-07-29T14:11:17.470Z"}}, {"model": "core.activitylog", "pk": 177, "fields": {"user": 3, "action": "create", "object_type": "FabricRoll", "object_id": 60, "description": "Создан рулон 9636844 складовщиком", "timestamp": "2025-07-29T14:11:44.662Z"}}, {"model": "core.activitylog", "pk": 178, "fields": {"user": 3, "action": "delete", "object_type": "FabricRoll", "object_id": 60, "description": "Рулон 9636844 удален безвозвратно складовщиком", "timestamp": "2025-07-29T14:13:14.155Z"}}, {"model": "core.activitylog", "pk": 179, "fields": {"user": 3, "action": "create", "object_type": "FabricRoll", "object_id": 61, "description": "Создан рулон 7024617 складовщиком", "timestamp": "2025-07-29T14:13:35.240Z"}}, {"model": "core.activitylog", "pk": 180, "fields": {"user": 3, "action": "create", "object_type": "FabricRoll", "object_id": 62, "description": "Создан рулон 0700678 складовщиком", "timestamp": "2025-07-29T14:14:05.163Z"}}, {"model": "core.activitylog", "pk": 181, "fields": {"user": 3, "action": "create", "object_type": "FabricRoll", "object_id": 63, "description": "Создан рулон 0826439 складовщиком", "timestamp": "2025-07-29T14:14:45.818Z"}}, {"model": "core.activitylog", "pk": 182, "fields": {"user": 3, "action": "create", "object_type": "FabricRoll", "object_id": 64, "description": "Создан рулон 5021764 складовщиком", "timestamp": "2025-07-29T14:16:12.257Z"}}, {"model": "core.activitylog", "pk": 183, "fields": {"user": 3, "action": "create", "object_type": "FabricRoll", "object_id": 65, "description": "Создан рулон 9947736 складовщиком", "timestamp": "2025-07-29T14:16:49.862Z"}}, {"model": "core.activitylog", "pk": 184, "fields": {"user": 3, "action": "create", "object_type": "FabricRoll", "object_id": 66, "description": "Создан рулон 0554486 складовщиком", "timestamp": "2025-07-29T14:18:15.530Z"}}, {"model": "core.activitylog", "pk": 185, "fields": {"user": 3, "action": "create", "object_type": "FabricRoll", "object_id": 67, "description": "Создан рулон 5546912 складовщиком", "timestamp": "2025-07-29T14:18:48.560Z"}}, {"model": "core.activitylog", "pk": 186, "fields": {"user": 3, "action": "create", "object_type": "FabricRoll", "object_id": 68, "description": "Создан рулон 3326983 складовщиком", "timestamp": "2025-07-29T14:18:48.947Z"}}, {"model": "core.activitylog", "pk": 187, "fields": {"user": 3, "action": "create", "object_type": "FabricRoll", "object_id": 69, "description": "Создан рулон 5229875 складовщиком", "timestamp": "2025-07-29T14:20:26.270Z"}}, {"model": "core.activitylog", "pk": 188, "fields": {"user": 3, "action": "create", "object_type": "FabricRoll", "object_id": 70, "description": "Создан рулон 8630821 складовщиком", "timestamp": "2025-07-29T14:20:28.943Z"}}, {"model": "core.activitylog", "pk": 189, "fields": {"user": 3, "action": "create", "object_type": "FabricRoll", "object_id": 71, "description": "Создан рулон 7741474 складовщиком", "timestamp": "2025-07-29T14:23:05.912Z"}}, {"model": "core.activitylog", "pk": 190, "fields": {"user": 3, "action": "create", "object_type": "FabricRoll", "object_id": 72, "description": "Создан рулон 8240131 складовщиком", "timestamp": "2025-07-29T14:23:51.395Z"}}, {"model": "core.activitylog", "pk": 191, "fields": {"user": 3, "action": "create", "object_type": "FabricRoll", "object_id": 73, "description": "Создан рулон 5289833 складовщиком", "timestamp": "2025-07-29T14:24:27.911Z"}}, {"model": "core.activitylog", "pk": 192, "fields": {"user": 3, "action": "create", "object_type": "FabricRoll", "object_id": 74, "description": "Создан рулон 8729735 складовщиком", "timestamp": "2025-07-29T14:25:03.618Z"}}, {"model": "core.activitylog", "pk": 193, "fields": {"user": 3, "action": "create", "object_type": "FabricRoll", "object_id": 75, "description": "Создан рулон 4659744 складовщиком", "timestamp": "2025-07-29T14:25:43.833Z"}}, {"model": "core.activitylog", "pk": 194, "fields": {"user": 3, "action": "create", "object_type": "FabricRoll", "object_id": 76, "description": "Создан рулон 7720614 складовщиком", "timestamp": "2025-07-29T14:26:28.391Z"}}, {"model": "core.activitylog", "pk": 195, "fields": {"user": 3, "action": "create", "object_type": "FabricRoll", "object_id": 77, "description": "Создан рулон 6667977 складовщиком", "timestamp": "2025-07-29T14:27:09.506Z"}}, {"model": "core.activitylog", "pk": 196, "fields": {"user": 3, "action": "create", "object_type": "FabricRoll", "object_id": 78, "description": "Создан рулон 0316689 складовщиком", "timestamp": "2025-07-29T14:27:42.987Z"}}, {"model": "core.activitylog", "pk": 197, "fields": {"user": 3, "action": "create", "object_type": "FabricRoll", "object_id": 79, "description": "Создан рулон 0063584 складовщиком", "timestamp": "2025-07-29T14:28:17.735Z"}}, {"model": "core.activitylog", "pk": 198, "fields": {"user": 1, "action": "create", "object_type": "Fabric", "object_id": 10, "description": "Создана ткань: Питек Китай", "timestamp": "2025-07-29T14:28:21.935Z"}}, {"model": "core.activitylog", "pk": 199, "fields": {"user": 3, "action": "create", "object_type": "FabricRoll", "object_id": 80, "description": "Создан рулон 6713780 складовщиком", "timestamp": "2025-07-29T14:28:55.016Z"}}, {"model": "core.activitylog", "pk": 200, "fields": {"user": 3, "action": "create", "object_type": "FabricRoll", "object_id": 81, "description": "Создан рулон 7856113 складовщиком", "timestamp": "2025-07-29T14:29:53.381Z"}}, {"model": "core.activitylog", "pk": 201, "fields": {"user": 3, "action": "create", "object_type": "FabricRoll", "object_id": 82, "description": "Создан рулон 0344050 складовщиком", "timestamp": "2025-07-29T14:30:28.618Z"}}, {"model": "core.activitylog", "pk": 202, "fields": {"user": 3, "action": "create", "object_type": "FabricRoll", "object_id": 83, "description": "Создан рулон 8341325 складовщиком", "timestamp": "2025-07-29T14:31:11.340Z"}}, {"model": "core.activitylog", "pk": 203, "fields": {"user": 3, "action": "create", "object_type": "FabricRoll", "object_id": 84, "description": "Создан рулон 7775426 складовщиком", "timestamp": "2025-07-29T14:31:59.871Z"}}, {"model": "core.activitylog", "pk": 204, "fields": {"user": 3, "action": "create", "object_type": "FabricRoll", "object_id": 85, "description": "Создан рулон 3173345 складовщиком", "timestamp": "2025-07-29T14:32:31.878Z"}}, {"model": "core.activitylog", "pk": 205, "fields": {"user": 3, "action": "create", "object_type": "FabricRoll", "object_id": 86, "description": "Создан рулон 3940433 складовщиком", "timestamp": "2025-07-29T14:33:09.524Z"}}, {"model": "core.activitylog", "pk": 206, "fields": {"user": 3, "action": "delete", "object_type": "FabricRoll", "object_id": 86, "description": "Рулон 3940433 удален безвозвратно складовщиком", "timestamp": "2025-07-29T14:33:57.514Z"}}, {"model": "core.activitylog", "pk": 207, "fields": {"user": 3, "action": "create", "object_type": "FabricRoll", "object_id": 87, "description": "Создан рулон 0335116 складовщиком", "timestamp": "2025-07-29T14:34:32.084Z"}}, {"model": "core.activitylog", "pk": 208, "fields": {"user": 3, "action": "create", "object_type": "FabricRoll", "object_id": 88, "description": "Создан рулон 0312152 складовщиком", "timestamp": "2025-07-29T14:35:15.779Z"}}, {"model": "core.activitylog", "pk": 209, "fields": {"user": 3, "action": "create", "object_type": "FabricRoll", "object_id": 89, "description": "Создан рулон 7279955 складовщиком", "timestamp": "2025-07-29T14:35:46.314Z"}}, {"model": "core.activitylog", "pk": 210, "fields": {"user": 3, "action": "create", "object_type": "FabricRoll", "object_id": 90, "description": "Создан рулон 5518777 складовщиком", "timestamp": "2025-07-29T14:37:42.109Z"}}, {"model": "core.activitylog", "pk": 211, "fields": {"user": 3, "action": "create", "object_type": "FabricRoll", "object_id": 91, "description": "Создан рулон 4108701 складовщиком", "timestamp": "2025-07-29T14:38:12.612Z"}}, {"model": "core.activitylog", "pk": 212, "fields": {"user": 1, "action": "create", "object_type": "Deal", "object_id": 7, "description": "Создана сделка: ORD-20250729-0003", "timestamp": "2025-07-29T14:41:39.925Z"}}, {"model": "core.activitylog", "pk": 213, "fields": {"user": 2, "action": "create", "object_type": "DealItem", "object_id": 15, "description": "Добавлена позиция в сделку ORD-20250729-0003: Двухсторонний блэкаут (Китайский) (102)", "timestamp": "2025-07-29T14:43:06.751Z"}}, {"model": "core.activitylog", "pk": 214, "fields": {"user": 2, "action": "create", "object_type": "DealItem", "object_id": 16, "description": "Добавлена позиция в сделку ORD-20250729-0003: Двухсторонний блэкаут (Китайский) (101)", "timestamp": "2025-07-29T14:43:26.887Z"}}, {"model": "core.activitylog", "pk": 215, "fields": {"user": 2, "action": "update", "object_type": "Deal", "object_id": 7, "description": "Изменен статус сделки ORD-20250729-0003: Создан → Ожидание оплаты", "timestamp": "2025-07-29T14:43:39.784Z"}}, {"model": "core.activitylog", "pk": 216, "fields": {"user": 2, "action": "update", "object_type": "Deal", "object_id": 7, "description": "Изменен статус сделки ORD-20250729-0003: Создан → Ожидание оплаты", "timestamp": "2025-07-29T14:43:39.792Z"}}, {"model": "core.activitylog", "pk": 217, "fields": {"user": 2, "action": "create", "object_type": "Deal", "object_id": 8, "description": "Создана сделка: ORD-20250729-0004", "timestamp": "2025-07-29T14:45:13.895Z"}}, {"model": "core.activitylog", "pk": 218, "fields": {"user": 2, "action": "create", "object_type": "Client", "object_id": 4, "description": "Создан клиент: Нарина", "timestamp": "2025-07-29T14:47:43.603Z"}}, {"model": "core.activitylog", "pk": 219, "fields": {"user": 2, "action": "create", "object_type": "Deal", "object_id": 9, "description": "Создана сделка: ORD-20250729-0005", "timestamp": "2025-07-29T14:47:56.774Z"}}, {"model": "core.activitylog", "pk": 220, "fields": {"user": 2, "action": "create", "object_type": "DealItem", "object_id": 17, "description": "Добавлена позиция в сделку ORD-20250729-0005: Двухсторонний блэкаут (Китайский) (105)", "timestamp": "2025-07-29T14:49:06.294Z"}}, {"model": "core.activitylog", "pk": 221, "fields": {"user": 2, "action": "create", "object_type": "DealItem", "object_id": 18, "description": "Добавлена позиция в сделку ORD-20250729-0005: Двухсторонний блэкаут (Китайский) (109)", "timestamp": "2025-07-29T14:49:25.476Z"}}, {"model": "core.activitylog", "pk": 222, "fields": {"user": 2, "action": "update", "object_type": "Deal", "object_id": 9, "description": "Изменен статус сделки ORD-20250729-0005: Создан → Оплачен", "timestamp": "2025-07-29T14:49:31.705Z"}}, {"model": "core.activitylog", "pk": 223, "fields": {"user": 2, "action": "update", "object_type": "Deal", "object_id": 9, "description": "Изменен статус сделки ORD-20250729-0005: Создан → Оплачен", "timestamp": "2025-07-29T14:49:31.714Z"}}, {"model": "core.activitylog", "pk": 224, "fields": {"user": 2, "action": "delete", "object_type": "DealItem", "object_id": 18, "description": "Удалена позиция из сделки: ORD-20250729-0005", "timestamp": "2025-07-29T14:49:53.370Z"}}, {"model": "core.activitylog", "pk": 225, "fields": {"user": 2, "action": "create", "object_type": "Deal", "object_id": 10, "description": "Создана сделка: ORD-20250729-0006", "timestamp": "2025-07-29T14:50:06.572Z"}}, {"model": "core.activitylog", "pk": 226, "fields": {"user": 2, "action": "create", "object_type": "Deal", "object_id": 11, "description": "Создана сделка: ORD-20250729-0007", "timestamp": "2025-07-29T14:50:58.577Z"}}, {"model": "core.activitylog", "pk": 227, "fields": {"user": 2, "action": "create", "object_type": "Deal", "object_id": 12, "description": "Создана сделка: ORD-20250729-0008", "timestamp": "2025-07-29T14:52:07.893Z"}}, {"model": "core.activitylog", "pk": 228, "fields": {"user": 2, "action": "create", "object_type": "DealItem", "object_id": 19, "description": "Добавлена позиция в сделку ORD-20250729-0008: Двухсторонний блэкаут (Китайский) (108)", "timestamp": "2025-07-29T14:53:23.547Z"}}, {"model": "core.activitylog", "pk": 229, "fields": {"user": 2, "action": "create", "object_type": "DealItem", "object_id": 20, "description": "Добавлена позиция в сделку ORD-20250729-0008: Двухсторонний блэкаут (Китайский) (118)", "timestamp": "2025-07-29T14:53:44.333Z"}}, {"model": "core.activitylog", "pk": 230, "fields": {"user": 2, "action": "create", "object_type": "DealItem", "object_id": 21, "description": "Добавлена позиция в сделку ORD-20250729-0008: Двухсторонний блэкаут (Китайский) (106)", "timestamp": "2025-07-29T14:54:08.651Z"}}, {"model": "core.activitylog", "pk": 231, "fields": {"user": 1, "action": "create", "object_type": "FabricRoll", "object_id": 92, "description": "Создан рулон 0286728 складовщиком", "timestamp": "2025-07-30T00:22:52.949Z"}}, {"model": "core.activitylog", "pk": 232, "fields": {"user": 1, "action": "delete", "object_type": "FabricRoll", "object_id": 92, "description": "Рулон 0286728 удален безвозвратно складовщиком", "timestamp": "2025-07-30T00:23:01.477Z"}}, {"model": "core.activitylog", "pk": 233, "fields": {"user": 2, "action": "create", "object_type": "DealItem", "object_id": 22, "description": "Добавлена позиция в сделку ORD-20250729-0004: 863 (13)", "timestamp": "2025-07-30T00:32:36.539Z"}}, {"model": "core.activitylog", "pk": 234, "fields": {"user": 1, "action": "delete", "object_type": "Deal", "object_id": 11, "description": "Удалена сделка: ORD-20250729-0007", "timestamp": "2025-07-30T00:53:06.579Z"}}, {"model": "core.activitylog", "pk": 235, "fields": {"user": 2, "action": "delete", "object_type": "Deal", "object_id": 6, "description": "Удалена сделка: ORD-20250729-0002", "timestamp": "2025-07-30T01:05:23.203Z"}}, {"model": "core.activitylog", "pk": 236, "fields": {"user": 2, "action": "delete", "object_type": "Deal", "object_id": 2, "description": "Удалена сделка: ORD-20250726-0002", "timestamp": "2025-07-30T01:06:48.990Z"}}, {"model": "core.activitylog", "pk": 237, "fields": {"user": 1, "action": "delete", "object_type": "Deal", "object_id": 10, "description": "Удалена сделка: ORD-20250729-0006", "timestamp": "2025-07-30T01:10:32.933Z"}}, {"model": "core.activitylog", "pk": 238, "fields": {"user": 2, "action": "create", "object_type": "Deal", "object_id": 13, "description": "Создана сделка: ORD-20250730-0001", "timestamp": "2025-07-30T01:11:28.219Z"}}, {"model": "core.activitylog", "pk": 239, "fields": {"user": 2, "action": "delete", "object_type": "Deal", "object_id": 13, "description": "Удалена сделка: ORD-20250730-0001", "timestamp": "2025-07-30T01:11:32.143Z"}}, {"model": "core.activitylog", "pk": 240, "fields": {"user": 2, "action": "create", "object_type": "Deal", "object_id": 14, "description": "Создана сделка: ORD-20250730-0001", "timestamp": "2025-07-30T01:12:12.967Z"}}, {"model": "core.activitylog", "pk": 241, "fields": {"user": 2, "action": "create", "object_type": "DealItem", "object_id": 23, "description": "Добавлена позиция в сделку ORD-20250730-0001: 6053 (1)", "timestamp": "2025-07-30T01:15:24.159Z"}}, {"model": "core.activitylog", "pk": 242, "fields": {"user": 2, "action": "update", "object_type": "Deal", "object_id": 14, "description": "Статус сделки ORD-20250730-0001 изменен на \"Ожидание оплаты\" при экспорте PDF", "timestamp": "2025-07-30T01:15:25.209Z"}}, {"model": "core.activitylog", "pk": 243, "fields": {"user": 2, "action": "update", "object_type": "Deal", "object_id": 14, "description": "Изменен статус сделки ORD-20250730-0001: Ожидание оплаты → Создан", "timestamp": "2025-07-30T01:17:05.246Z"}}, {"model": "core.activitylog", "pk": 244, "fields": {"user": 2, "action": "update", "object_type": "Deal", "object_id": 14, "description": "Статус сделки ORD-20250730-0001 изменен на \"Ожидание оплаты\" при экспорте PDF", "timestamp": "2025-07-30T01:17:08.246Z"}}, {"model": "core.activitylog", "pk": 245, "fields": {"user": 2, "action": "update", "object_type": "Deal", "object_id": 14, "description": "Изменен статус сделки ORD-20250730-0001: Ожидание оплаты → Создан", "timestamp": "2025-07-30T01:17:12.286Z"}}, {"model": "core.activitylog", "pk": 246, "fields": {"user": 2, "action": "update", "object_type": "Deal", "object_id": 14, "description": "Изменен статус сделки ORD-20250730-0001: Ожидание оплаты → Создан", "timestamp": "2025-07-30T01:17:12.303Z"}}, {"model": "core.activitylog", "pk": 247, "fields": {"user": 1, "action": "update", "object_type": "Deal", "object_id": 12, "description": "Статус сделки ORD-20250729-0008 изменен на \"Ожидание оплаты\" при экспорте PDF", "timestamp": "2025-07-30T01:23:39.870Z"}}, {"model": "core.activitylog", "pk": 248, "fields": {"user": 2, "action": "create", "object_type": "Deal", "object_id": 15, "description": "Создана сделка: ORD-20250730-0002", "timestamp": "2025-07-30T01:26:30.986Z"}}, {"model": "core.activitylog", "pk": 249, "fields": {"user": 2, "action": "create", "object_type": "Deal", "object_id": 16, "description": "Создана сделка: ORD-20250730-0003", "timestamp": "2025-07-30T01:28:09.336Z"}}, {"model": "core.activitylog", "pk": 250, "fields": {"user": 1, "action": "create", "object_type": "Deal", "object_id": 17, "description": "Создана сделка: ORD-20250730-0004", "timestamp": "2025-07-30T01:37:02.240Z"}}, {"model": "core.activitylog", "pk": 251, "fields": {"user": 1, "action": "create", "object_type": "DealItem", "object_id": 24, "description": "Добавлена позиция в сделку ORD-20250730-0004: 863 (13)", "timestamp": "2025-07-30T01:37:13.544Z"}}, {"model": "core.activitylog", "pk": 252, "fields": {"user": 1, "action": "update", "object_type": "Deal", "object_id": 17, "description": "Статус сделки ORD-20250730-0004 изменен на \"Ожидание оплаты\" при экспорте PDF", "timestamp": "2025-07-30T01:37:22.396Z"}}, {"model": "core.activitylog", "pk": 253, "fields": {"user": 1, "action": "delete", "object_type": "Deal", "object_id": 16, "description": "Удалена сделка: ORD-20250730-0003", "timestamp": "2025-07-30T01:37:47.052Z"}}, {"model": "core.activitylog", "pk": 254, "fields": {"user": 1, "action": "create", "object_type": "Fabric", "object_id": 11, "description": "Создана ткань: 122", "timestamp": "2025-07-30T01:38:01.921Z"}}, {"model": "core.activitylog", "pk": 255, "fields": {"user": 1, "action": "delete", "object_type": "Fabric", "object_id": 11, "description": "Удалена ткань: 122 (цветов: 0, рулонов: 0, сделок: 0)", "timestamp": "2025-07-30T01:38:08.584Z"}}, {"model": "core.activitylog", "pk": 256, "fields": {"user": 1, "action": "create", "object_type": "Fabric", "object_id": 12, "description": "Создана ткань: мвапв12312аыва3у", "timestamp": "2025-07-30T01:38:15.439Z"}}, {"model": "core.activitylog", "pk": 257, "fields": {"user": 1, "action": "delete", "object_type": "Fabric", "object_id": 12, "description": "Удалена ткань: мвапв12312аыва3у (цветов: 0, рулонов: 0, сделок: 0)", "timestamp": "2025-07-30T01:38:22.409Z"}}, {"model": "core.activitylog", "pk": 258, "fields": {"user": 3, "action": "create", "object_type": "Fabric", "object_id": 13, "description": "Создана ткань: 22", "timestamp": "2025-07-30T01:49:38.940Z"}}, {"model": "core.activitylog", "pk": 259, "fields": {"user": 3, "action": "delete", "object_type": "Fabric", "object_id": 13, "description": "Удалена ткань: 22 (цветов: 0, рулонов: 0, сделок: 0)", "timestamp": "2025-07-30T01:49:52.290Z"}}, {"model": "core.activitylog", "pk": 260, "fields": {"user": 1, "action": "delete", "object_type": "DealItem", "object_id": 24, "description": "Удалена позиция из сделки: ORD-20250730-0004", "timestamp": "2025-07-30T04:38:20.230Z"}}, {"model": "core.activitylog", "pk": 261, "fields": {"user": 1, "action": "delete", "object_type": "Deal", "object_id": 17, "description": "Удалена сделка: ORD-20250730-0004", "timestamp": "2025-07-30T04:38:54.581Z"}}, {"model": "core.activitylog", "pk": 262, "fields": {"user": 1, "action": "delete", "object_type": "Deal", "object_id": 15, "description": "Удалена сделка: ORD-20250730-0002", "timestamp": "2025-07-30T04:39:00.269Z"}}, {"model": "core.activitylog", "pk": 263, "fields": {"user": 1, "action": "delete", "object_type": "Deal", "object_id": 14, "description": "Удалена сделка: ORD-20250730-0001", "timestamp": "2025-07-30T04:39:04.708Z"}}, {"model": "core.activitylog", "pk": 264, "fields": {"user": 1, "action": "delete", "object_type": "Deal", "object_id": 12, "description": "Удалена сделка: ORD-20250729-0008", "timestamp": "2025-07-30T04:39:09.340Z"}}, {"model": "core.activitylog", "pk": 265, "fields": {"user": 1, "action": "delete", "object_type": "Deal", "object_id": 9, "description": "Удалена сделка: ORD-20250729-0005", "timestamp": "2025-07-30T04:39:14.021Z"}}, {"model": "core.activitylog", "pk": 266, "fields": {"user": 1, "action": "delete", "object_type": "Deal", "object_id": 8, "description": "Удалена сделка: ORD-20250729-0004", "timestamp": "2025-07-30T04:39:18.060Z"}}, {"model": "core.activitylog", "pk": 267, "fields": {"user": 1, "action": "delete", "object_type": "Deal", "object_id": 7, "description": "Удалена сделка: ORD-20250729-0003", "timestamp": "2025-07-30T08:06:56.329Z"}}, {"model": "core.activitylog", "pk": 268, "fields": {"user": 1, "action": "delete", "object_type": "Deal", "object_id": 4, "description": "Удалена сделка: ORD-20250726-0004", "timestamp": "2025-07-30T08:07:04.319Z"}}, {"model": "core.activitylog", "pk": 269, "fields": {"user": 1, "action": "create", "object_type": "FabricColor", "object_id": 32, "description": "Создан цвет: 120 (224) для ткани Двухсторонний блэкаут (Китайский)", "timestamp": "2025-07-30T10:39:34.712Z"}}, {"model": "core.activitylog", "pk": 270, "fields": {"user": 1, "action": "delete", "object_type": "FabricColor", "object_id": 32, "description": "Удален цвет: 120 (224) для ткани Двухсторонний блэкаут (Китайский) (рулонов: 0, активных: 0)", "timestamp": "2025-07-30T10:39:45.679Z"}}, {"model": "core.activitylog", "pk": 271, "fields": {"user": 1, "action": "create", "object_type": "Fabric", "object_id": 14, "description": "Создана ткань: Хасир", "timestamp": "2025-07-30T10:41:41.147Z"}}, {"model": "core.activitylog", "pk": 272, "fields": {"user": 1, "action": "create", "object_type": "FabricColor", "object_id": 33, "description": "Создан цвет: 1844 (194) для ткани Хасир", "timestamp": "2025-07-30T10:56:36.742Z"}}, {"model": "core.activitylog", "pk": 273, "fields": {"user": 1, "action": "create", "object_type": "FabricColor", "object_id": 34, "description": "Создан цвет: 1840 (345) для ткани Хасир", "timestamp": "2025-07-30T10:56:57.392Z"}}, {"model": "core.activitylog", "pk": 274, "fields": {"user": 1, "action": "create", "object_type": "FabricColor", "object_id": 35, "description": "Создан цвет: 1843 (748) для ткани Хасир", "timestamp": "2025-07-30T10:57:07.662Z"}}, {"model": "core.activitylog", "pk": 275, "fields": {"user": 1, "action": "create", "object_type": "FabricColor", "object_id": 36, "description": "Создан цвет: 1775 (648) для ткани Хасир", "timestamp": "2025-07-30T10:57:21.954Z"}}, {"model": "core.activitylog", "pk": 276, "fields": {"user": 1, "action": "create", "object_type": "FabricColor", "object_id": 37, "description": "Создан цвет: 1778 (408) для ткани Хасир", "timestamp": "2025-07-30T10:57:33.458Z"}}, {"model": "core.activitylog", "pk": 277, "fields": {"user": 1, "action": "create", "object_type": "FabricColor", "object_id": 38, "description": "Создан цвет: 1714 (941) для ткани Хасир", "timestamp": "2025-07-30T10:57:44.485Z"}}, {"model": "core.activitylog", "pk": 278, "fields": {"user": 1, "action": "create", "object_type": "FabricColor", "object_id": 39, "description": "Создан цвет: 1713 (639) для ткани Хасир", "timestamp": "2025-07-30T10:57:56.837Z"}}, {"model": "core.activitylog", "pk": 279, "fields": {"user": 1, "action": "create", "object_type": "FabricColor", "object_id": 40, "description": "Создан цвет: 1717 (335) для ткани Хасир", "timestamp": "2025-07-30T10:58:07.229Z"}}, {"model": "core.activitylog", "pk": 280, "fields": {"user": 1, "action": "create", "object_type": "FabricColor", "object_id": 41, "description": "Создан цвет: 1762 (273) для ткани Хасир", "timestamp": "2025-07-30T10:59:53.026Z"}}, {"model": "core.activitylog", "pk": 281, "fields": {"user": 1, "action": "create", "object_type": "FabricColor", "object_id": 42, "description": "Создан цвет: 1942 (962) для ткани Хасир", "timestamp": "2025-07-30T11:00:09.476Z"}}, {"model": "core.activitylog", "pk": 282, "fields": {"user": 1, "action": "create", "object_type": "FabricColor", "object_id": 43, "description": "Создан цвет: 1722 (946) для ткани Хасир", "timestamp": "2025-07-30T11:00:21.502Z"}}, {"model": "core.activitylog", "pk": 283, "fields": {"user": 1, "action": "create", "object_type": "FabricColor", "object_id": 44, "description": "Создан цвет: 1753 (294) для ткани Хасир", "timestamp": "2025-07-30T11:00:34.030Z"}}, {"model": "core.activitylog", "pk": 284, "fields": {"user": 1, "action": "create", "object_type": "FabricColor", "object_id": 45, "description": "Создан цвет: 1729 (276) для ткани Хасир", "timestamp": "2025-07-30T11:00:46.186Z"}}, {"model": "core.activitylog", "pk": 285, "fields": {"user": 1, "action": "create", "object_type": "FabricColor", "object_id": 46, "description": "Создан цвет: 1726 (631) для ткани Хасир", "timestamp": "2025-07-30T11:00:54.441Z"}}, {"model": "core.activitylog", "pk": 286, "fields": {"user": 1, "action": "create", "object_type": "FabricColor", "object_id": 47, "description": "Создан цвет: 1707 (448) для ткани Хасир", "timestamp": "2025-07-30T11:01:02.825Z"}}, {"model": "core.activitylog", "pk": 287, "fields": {"user": 1, "action": "create", "object_type": "FabricColor", "object_id": 48, "description": "Создан цвет: 01 (590) для ткани Питек Китай", "timestamp": "2025-07-30T11:07:20.304Z"}}, {"model": "core.activitylog", "pk": 288, "fields": {"user": 1, "action": "create", "object_type": "FabricColor", "object_id": 49, "description": "Создан цвет: 02 (454) для ткани Питек Китай", "timestamp": "2025-07-30T11:07:25.344Z"}}, {"model": "core.activitylog", "pk": 289, "fields": {"user": 1, "action": "create", "object_type": "FabricColor", "object_id": 50, "description": "Создан цвет: 03 (296) для ткани Питек Китай", "timestamp": "2025-07-30T11:07:30.064Z"}}, {"model": "core.activitylog", "pk": 290, "fields": {"user": 1, "action": "create", "object_type": "FabricColor", "object_id": 51, "description": "Создан цвет: 04 (278) для ткани Питек Китай", "timestamp": "2025-07-30T11:07:52.384Z"}}, {"model": "core.activitylog", "pk": 291, "fields": {"user": 1, "action": "create", "object_type": "FabricColor", "object_id": 52, "description": "Создан цвет: 05 (626) для ткани Питек Китай", "timestamp": "2025-07-30T11:08:01.024Z"}}, {"model": "core.activitylog", "pk": 292, "fields": {"user": 1, "action": "create", "object_type": "FabricColor", "object_id": 53, "description": "Создан цвет: 06 (442) для ткани Питек Китай", "timestamp": "2025-07-30T11:08:07.983Z"}}, {"model": "core.activitylog", "pk": 293, "fields": {"user": 1, "action": "create", "object_type": "FabricColor", "object_id": 54, "description": "Создан цвет: 07 (375) для ткани Питек Китай", "timestamp": "2025-07-30T11:08:14.023Z"}}, {"model": "core.activitylog", "pk": 294, "fields": {"user": 1, "action": "create", "object_type": "FabricColor", "object_id": 55, "description": "Создан цвет: 08 (517) для ткани Питек Китай", "timestamp": "2025-07-30T11:08:22.784Z"}}, {"model": "core.activitylog", "pk": 295, "fields": {"user": 1, "action": "create", "object_type": "FabricColor", "object_id": 56, "description": "Создан цвет: 10 (630) для ткани Питек Китай", "timestamp": "2025-07-30T11:08:33.504Z"}}, {"model": "core.activitylog", "pk": 296, "fields": {"user": 1, "action": "create", "object_type": "FabricColor", "object_id": 57, "description": "Создан цвет: 11 (411) для ткани Питек Китай", "timestamp": "2025-07-30T11:08:41.743Z"}}, {"model": "core.activitylog", "pk": 297, "fields": {"user": 1, "action": "create", "object_type": "FabricColor", "object_id": 58, "description": "Создан цвет: 14 (231) для ткани Питек Китай", "timestamp": "2025-07-30T11:08:50.784Z"}}, {"model": "core.activitylog", "pk": 298, "fields": {"user": 1, "action": "create", "object_type": "FabricColor", "object_id": 59, "description": "Создан цвет: 16 (774) для ткани Питек Китай", "timestamp": "2025-07-30T11:08:59.104Z"}}, {"model": "core.activitylog", "pk": 299, "fields": {"user": 1, "action": "create", "object_type": "FabricColor", "object_id": 60, "description": "Создан цвет: 17 (145) для ткани Питек Китай", "timestamp": "2025-07-30T11:09:04.784Z"}}, {"model": "core.activitylog", "pk": 300, "fields": {"user": 1, "action": "create", "object_type": "FabricColor", "object_id": 61, "description": "Создан цвет: 18 (522) для ткани Питек Китай", "timestamp": "2025-07-30T11:09:10.704Z"}}, {"model": "core.activitylog", "pk": 301, "fields": {"user": 1, "action": "create", "object_type": "FabricColor", "object_id": 62, "description": "Создан цвет: 19 (967) для ткани Питек Китай", "timestamp": "2025-07-30T11:09:16.784Z"}}, {"model": "core.activitylog", "pk": 302, "fields": {"user": 1, "action": "create", "object_type": "FabricColor", "object_id": 63, "description": "Создан цвет: 20 (223) для ткани Питек Китай", "timestamp": "2025-07-30T11:09:23.585Z"}}, {"model": "core.activitylog", "pk": 303, "fields": {"user": 1, "action": "create", "object_type": "FabricColor", "object_id": 64, "description": "Создан цвет: 21 (127) для ткани Питек Китай", "timestamp": "2025-07-30T11:09:36.063Z"}}, {"model": "core.activitylog", "pk": 304, "fields": {"user": 1, "action": "create", "object_type": "FabricColor", "object_id": 65, "description": "Создан цвет: 23 (905) для ткани Питек Китай", "timestamp": "2025-07-30T11:09:43.024Z"}}, {"model": "core.activitylog", "pk": 305, "fields": {"user": 1, "action": "create", "object_type": "FabricColor", "object_id": 66, "description": "Создан цвет: 24 (968) для ткани Питек Китай", "timestamp": "2025-07-30T11:09:49.424Z"}}, {"model": "core.activitylog", "pk": 306, "fields": {"user": 1, "action": "create", "object_type": "FabricColor", "object_id": 67, "description": "Создан цвет: 27 (499) для ткани Питек Китай", "timestamp": "2025-07-30T11:09:56.381Z"}}, {"model": "core.activitylog", "pk": 307, "fields": {"user": 1, "action": "create", "object_type": "FabricColor", "object_id": 68, "description": "Создан цвет: 28 (250) для ткани Питек Китай", "timestamp": "2025-07-30T11:10:02.549Z"}}, {"model": "core.activitylog", "pk": 308, "fields": {"user": 1, "action": "create", "object_type": "FabricColor", "object_id": 69, "description": "Создан цвет: 29 (435) для ткани Питек Китай", "timestamp": "2025-07-30T11:10:09.724Z"}}, {"model": "core.activitylog", "pk": 309, "fields": {"user": 1, "action": "create", "object_type": "FabricColor", "object_id": 70, "description": "Создан цвет: 30 (848) для ткани Питек Китай", "timestamp": "2025-07-30T11:10:17.088Z"}}, {"model": "core.activitylog", "pk": 310, "fields": {"user": 1, "action": "create", "object_type": "FabricColor", "object_id": 71, "description": "Создан цвет: 33 (841) для ткани Питек Китай", "timestamp": "2025-07-30T11:10:23.887Z"}}, {"model": "core.activitylog", "pk": 311, "fields": {"user": 1, "action": "create", "object_type": "FabricColor", "object_id": 72, "description": "Создан цвет: 34 (237) для ткани Питек Китай", "timestamp": "2025-07-30T11:10:34.493Z"}}, {"model": "core.activitylog", "pk": 312, "fields": {"user": 1, "action": "create", "object_type": "FabricColor", "object_id": 73, "description": "Создан цвет: 42 (515) для ткани Питек Китай", "timestamp": "2025-07-30T11:10:47.604Z"}}, {"model": "core.activitylog", "pk": 313, "fields": {"user": 1, "action": "create", "object_type": "FabricColor", "object_id": 74, "description": "Создан цвет: 43 (252) для ткани Питек Китай", "timestamp": "2025-07-30T11:10:52.858Z"}}, {"model": "core.activitylog", "pk": 314, "fields": {"user": 1, "action": "create", "object_type": "FabricColor", "object_id": 75, "description": "Создан цвет: 44 (569) для ткани Питек Китай", "timestamp": "2025-07-30T11:10:59.127Z"}}, {"model": "core.activitylog", "pk": 315, "fields": {"user": 1, "action": "create", "object_type": "FabricColor", "object_id": 76, "description": "Создан цвет: 45 (842) для ткани Питек Китай", "timestamp": "2025-07-30T11:11:08.058Z"}}, {"model": "core.activitylog", "pk": 316, "fields": {"user": 3, "action": "update", "object_type": "FabricRoll", "object_id": 64, "description": "Рулон 5021764 списан через сканирование", "timestamp": "2025-07-30T11:14:03.317Z"}}, {"model": "core.activitylog", "pk": 317, "fields": {"user": 3, "action": "update", "object_type": "FabricRoll", "object_id": 89, "description": "Рулон 7279955 списан через сканирование", "timestamp": "2025-07-30T11:16:03.359Z"}}, {"model": "core.activitylog", "pk": 318, "fields": {"user": 3, "action": "create", "object_type": "Fabric", "object_id": 15, "description": "Создана ткань: Двухсторонный Турция", "timestamp": "2025-07-30T11:17:54.758Z"}}, {"model": "core.activitylog", "pk": 319, "fields": {"user": 3, "action": "create", "object_type": "FabricColor", "object_id": 77, "description": "Создан цвет: 100 (860) для ткани Двухсторонный Турция", "timestamp": "2025-07-30T11:18:18.878Z"}}, {"model": "core.activitylog", "pk": 320, "fields": {"user": 3, "action": "create", "object_type": "FabricColor", "object_id": 78, "description": "Создан цвет: 101 (883) для ткани Двухсторонный Турция", "timestamp": "2025-07-30T11:18:28.749Z"}}, {"model": "core.activitylog", "pk": 321, "fields": {"user": 3, "action": "create", "object_type": "FabricColor", "object_id": 79, "description": "Создан цвет: 102 (640) для ткани Двухсторонный Турция", "timestamp": "2025-07-30T11:18:48.556Z"}}, {"model": "core.activitylog", "pk": 322, "fields": {"user": 3, "action": "create", "object_type": "FabricColor", "object_id": 80, "description": "Создан цвет: 103 (463) для ткани Двухсторонный Турция", "timestamp": "2025-07-30T11:18:53.428Z"}}, {"model": "core.activitylog", "pk": 323, "fields": {"user": 3, "action": "create", "object_type": "FabricColor", "object_id": 81, "description": "Создан цвет: 104 (610) для ткани Двухсторонный Турция", "timestamp": "2025-07-30T11:18:59.716Z"}}, {"model": "core.activitylog", "pk": 324, "fields": {"user": 3, "action": "create", "object_type": "FabricColor", "object_id": 82, "description": "Создан цвет: 105 (118) для ткани Двухсторонный Турция", "timestamp": "2025-07-30T11:19:24.067Z"}}, {"model": "core.activitylog", "pk": 325, "fields": {"user": 3, "action": "create", "object_type": "FabricColor", "object_id": 83, "description": "Создан цвет: 106 (748) для ткани Двухсторонный Турция", "timestamp": "2025-07-30T11:19:29.028Z"}}, {"model": "core.activitylog", "pk": 326, "fields": {"user": 3, "action": "create", "object_type": "FabricColor", "object_id": 84, "description": "Создан цвет: 107 (272) для ткани Двухсторонный Турция", "timestamp": "2025-07-30T11:19:34.515Z"}}, {"model": "core.activitylog", "pk": 327, "fields": {"user": 3, "action": "create", "object_type": "FabricColor", "object_id": 85, "description": "Создан цвет: 108 (308) для ткани Двухсторонный Турция", "timestamp": "2025-07-30T11:19:39.591Z"}}, {"model": "core.activitylog", "pk": 328, "fields": {"user": 3, "action": "create", "object_type": "FabricColor", "object_id": 86, "description": "Создан цвет: 109 (274) для ткани Двухсторонный Турция", "timestamp": "2025-07-30T11:19:55.356Z"}}, {"model": "core.activitylog", "pk": 329, "fields": {"user": 3, "action": "create", "object_type": "FabricColor", "object_id": 87, "description": "Создан цвет: 110 (237) для ткани Двухсторонный Турция", "timestamp": "2025-07-30T11:19:59.107Z"}}, {"model": "core.activitylog", "pk": 330, "fields": {"user": 3, "action": "create", "object_type": "FabricColor", "object_id": 88, "description": "Создан цвет: 111 (810) для ткани Двухсторонный Турция", "timestamp": "2025-07-30T11:20:02.709Z"}}, {"model": "core.activitylog", "pk": 331, "fields": {"user": 3, "action": "create", "object_type": "FabricColor", "object_id": 89, "description": "Создан цвет: 112 (174) для ткани Двухсторонный Турция", "timestamp": "2025-07-30T11:20:06.948Z"}}, {"model": "core.activitylog", "pk": 332, "fields": {"user": 3, "action": "create", "object_type": "FabricColor", "object_id": 90, "description": "Создан цвет: 113 (481) для ткани Двухсторонный Турция", "timestamp": "2025-07-30T11:20:10.187Z"}}, {"model": "core.activitylog", "pk": 333, "fields": {"user": 3, "action": "create", "object_type": "FabricColor", "object_id": 91, "description": "Создан цвет: 114 (185) для ткани Двухсторонный Турция", "timestamp": "2025-07-30T11:20:13.716Z"}}, {"model": "core.activitylog", "pk": 334, "fields": {"user": 3, "action": "create", "object_type": "FabricColor", "object_id": 92, "description": "Создан цвет: 115 (550) для ткани Двухсторонный Турция", "timestamp": "2025-07-30T11:20:17.475Z"}}, {"model": "core.activitylog", "pk": 335, "fields": {"user": 3, "action": "create", "object_type": "FabricColor", "object_id": 93, "description": "Создан цвет: 116 (565) для ткани Двухсторонный Турция", "timestamp": "2025-07-30T11:20:21.315Z"}}, {"model": "core.activitylog", "pk": 336, "fields": {"user": 3, "action": "create", "object_type": "FabricColor", "object_id": 94, "description": "Создан цвет: 117 (409) для ткани Двухсторонный Турция", "timestamp": "2025-07-30T11:20:27.197Z"}}, {"model": "core.activitylog", "pk": 337, "fields": {"user": 3, "action": "create", "object_type": "FabricColor", "object_id": 95, "description": "Создан цвет: 118 (960) для ткани Двухсторонный Турция", "timestamp": "2025-07-30T11:20:31.988Z"}}, {"model": "core.activitylog", "pk": 338, "fields": {"user": 3, "action": "create", "object_type": "FabricColor", "object_id": 96, "description": "Создан цвет: 119 (548) для ткани Двухсторонный Турция", "timestamp": "2025-07-30T11:20:36.828Z"}}, {"model": "core.activitylog", "pk": 339, "fields": {"user": 3, "action": "create", "object_type": "FabricColor", "object_id": 97, "description": "Создан цвет: SYAYN (738) для ткани Двухсторонный Турция", "timestamp": "2025-07-30T11:21:08.552Z"}}, {"model": "core.activitylog", "pk": 340, "fields": {"user": 2, "action": "create", "object_type": "Client", "object_id": 5, "description": "Создан клиент: Баглан 1171", "timestamp": "2025-07-30T11:28:14.210Z"}}, {"model": "core.activitylog", "pk": 341, "fields": {"user": 2, "action": "create", "object_type": "Deal", "object_id": 18, "description": "Создана сделка: ORD-20250730-0001", "timestamp": "2025-07-30T11:28:49.665Z"}}, {"model": "core.activitylog", "pk": 342, "fields": {"user": 2, "action": "create", "object_type": "DealItem", "object_id": 25, "description": "Добавлена позиция в сделку ORD-20250730-0001: Хасир (1707)", "timestamp": "2025-07-30T11:29:44.402Z"}}, {"model": "core.activitylog", "pk": 343, "fields": {"user": 2, "action": "create", "object_type": "DealItem", "object_id": 26, "description": "Добавлена позиция в сделку ORD-20250730-0001: 6053 (1)", "timestamp": "2025-07-30T11:30:20.078Z"}}, {"model": "core.activitylog", "pk": 344, "fields": {"user": 2, "action": "update", "object_type": "Deal", "object_id": 18, "description": "Статус сделки ORD-20250730-0001 изменен на \"Ожидание оплаты\" при экспорте PDF", "timestamp": "2025-07-30T11:30:26.429Z"}}, {"model": "core.activitylog", "pk": 345, "fields": {"user": 2, "action": "update", "object_type": "DealItem", "object_id": 25, "description": "Отредактирована позиция в сделке ORD-20250730-0001: Хасир (1707)", "timestamp": "2025-07-30T11:31:35.056Z"}}, {"model": "core.activitylog", "pk": 346, "fields": {"user": 2, "action": "update", "object_type": "DealItem", "object_id": 25, "description": "Отредактирована позиция в сделке ORD-20250730-0001: Хасир (1707)", "timestamp": "2025-07-30T11:31:35.075Z"}}, {"model": "core.activitylog", "pk": 347, "fields": {"user": 2, "action": "update", "object_type": "DealItem", "object_id": 25, "description": "Отредактирована позиция в сделке ORD-20250730-0001: Хасир (1707)", "timestamp": "2025-07-30T11:31:35.081Z"}}, {"model": "core.activitylog", "pk": 348, "fields": {"user": 2, "action": "update", "object_type": "DealItem", "object_id": 25, "description": "Отредактирована позиция в сделке ORD-20250730-0001: Хасир (1707)", "timestamp": "2025-07-30T11:31:46.061Z"}}, {"model": "core.activitylog", "pk": 349, "fields": {"user": 2, "action": "update", "object_type": "DealItem", "object_id": 25, "description": "Отредактирована позиция в сделке ORD-20250730-0001: Хасир (1707)", "timestamp": "2025-07-30T11:31:46.074Z"}}, {"model": "core.activitylog", "pk": 350, "fields": {"user": 2, "action": "update", "object_type": "DealItem", "object_id": 25, "description": "Отредактирована позиция в сделке ORD-20250730-0001: Хасир (1707)", "timestamp": "2025-07-30T11:31:46.097Z"}}, {"model": "core.activitylog", "pk": 351, "fields": {"user": 2, "action": "create", "object_type": "Deal", "object_id": 19, "description": "Создана сделка: ORD-20250730-0002", "timestamp": "2025-07-30T11:32:05.146Z"}}, {"model": "core.activitylog", "pk": 352, "fields": {"user": 2, "action": "create", "object_type": "DealItem", "object_id": 27, "description": "Добавлена позиция в сделку ORD-20250730-0002: 863 (13)", "timestamp": "2025-07-30T11:32:30.928Z"}}, {"model": "core.activitylog", "pk": 353, "fields": {"user": 2, "action": "update", "object_type": "Deal", "object_id": 19, "description": "Статус сделки ORD-20250730-0002 изменен на \"Ожидание оплаты\" при печати на склад", "timestamp": "2025-07-30T11:32:53.613Z"}}, {"model": "core.activitylog", "pk": 354, "fields": {"user": 2, "action": "update", "object_type": "Deal", "object_id": 19, "description": "Изменен статус сделки ORD-20250730-0002: Ожидание оплаты → Оплачен", "timestamp": "2025-07-30T11:33:05.992Z"}}, {"model": "core.activitylog", "pk": 355, "fields": {"user": 2, "action": "update", "object_type": "Deal", "object_id": 19, "description": "Изменен статус сделки ORD-20250730-0002: Ожидание оплаты → Оплачен", "timestamp": "2025-07-30T11:33:05.989Z"}}, {"model": "core.activitylog", "pk": 356, "fields": {"user": 2, "action": "create", "object_type": "DealItem", "object_id": 28, "description": "Добавлена позиция в сделку ORD-20250730-0002: Двухсторонний блэкаут (Китайский) (102)", "timestamp": "2025-07-30T11:35:25.283Z"}}, {"model": "core.activitylog", "pk": 357, "fields": {"user": 2, "action": "create", "object_type": "DealItem", "object_id": 29, "description": "Добавлена позиция в сделку ORD-20250730-0002: Двухсторонний блэкаут (Китайский) (101)", "timestamp": "2025-07-30T11:35:34.885Z"}}, {"model": "core.activitylog", "pk": 358, "fields": {"user": 2, "action": "create", "object_type": "DealItem", "object_id": 30, "description": "Добавлена позиция в сделку ORD-20250730-0002: Двухсторонний блэкаут (Китайский) (102)", "timestamp": "2025-07-30T11:36:17.236Z"}}, {"model": "core.activitylog", "pk": 359, "fields": {"user": 2, "action": "create", "object_type": "DealItem", "object_id": 31, "description": "Добавлена позиция в сделку ORD-20250730-0002: 863 (13)", "timestamp": "2025-07-30T11:36:47.903Z"}}, {"model": "core.activitylog", "pk": 360, "fields": {"user": 2, "action": "create", "object_type": "DealItem", "object_id": 32, "description": "Добавлена позиция в сделку ORD-20250730-0002: Двухсторонный Турция (102)", "timestamp": "2025-07-30T11:37:12.081Z"}}, {"model": "core.activitylog", "pk": 361, "fields": {"user": 2, "action": "create", "object_type": "DealItem", "object_id": 33, "description": "Добавлена позиция в сделку ORD-20250730-0002: Двухсторонный Турция (105)", "timestamp": "2025-07-30T11:37:22.768Z"}}, {"model": "core.activitylog", "pk": 362, "fields": {"user": 2, "action": "create", "object_type": "DealItem", "object_id": 34, "description": "Добавлена позиция в сделку ORD-20250730-0002: Двухсторонный Турция (106)", "timestamp": "2025-07-30T11:37:59.438Z"}}, {"model": "core.activitylog", "pk": 363, "fields": {"user": 2, "action": "create", "object_type": "DealItem", "object_id": 35, "description": "Добавлена позиция в сделку ORD-20250730-0002: Лента (Хб)", "timestamp": "2025-07-30T11:38:10.714Z"}}, {"model": "core.activitylog", "pk": 364, "fields": {"user": 2, "action": "create", "object_type": "Fabric", "object_id": 16, "description": "Создана ткань: 2", "timestamp": "2025-07-30T11:41:32.965Z"}}, {"model": "core.activitylog", "pk": 365, "fields": {"user": 2, "action": "create", "object_type": "FabricColor", "object_id": 98, "description": "Создан цвет: 111 (355) для ткани 2", "timestamp": "2025-07-30T11:41:38.901Z"}}, {"model": "core.activitylog", "pk": 366, "fields": {"user": 2, "action": "delete", "object_type": "Fabric", "object_id": 16, "description": "Удалена ткань: 2 (цветов: 1, рулонов: 0, сделок: 0)", "timestamp": "2025-07-30T11:41:57.159Z"}}, {"model": "core.activitylog", "pk": 367, "fields": {"user": 2, "action": "delete", "object_type": "Deal", "object_id": 19, "description": "Удалена сделка: ORD-20250730-0002", "timestamp": "2025-07-30T11:42:45.243Z"}}, {"model": "core.activitylog", "pk": 368, "fields": {"user": 2, "action": "delete", "object_type": "Deal", "object_id": 5, "description": "Удалена сделка: ORD-20250729-0001", "timestamp": "2025-07-30T11:42:53.204Z"}}, {"model": "core.activitylog", "pk": 369, "fields": {"user": 2, "action": "delete", "object_type": "Deal", "object_id": 1, "description": "Удалена сделка: ORD-20250726-0001", "timestamp": "2025-07-30T11:42:59.336Z"}}, {"model": "core.activitylog", "pk": 370, "fields": {"user": 2, "action": "delete", "object_type": "Deal", "object_id": 3, "description": "Удалена сделка: ORD-20250726-0003", "timestamp": "2025-07-30T11:43:02.314Z"}}, {"model": "core.activitylog", "pk": 371, "fields": {"user": 2, "action": "delete", "object_type": "Deal", "object_id": 18, "description": "Удалена сделка: ORD-20250730-0001", "timestamp": "2025-07-30T11:43:05.086Z"}}, {"model": "core.activitylog", "pk": 372, "fields": {"user": 1, "action": "create", "object_type": "Fabric", "object_id": 17, "description": "Создана ткань: Хюррем", "timestamp": "2025-07-30T11:45:44.883Z"}}, {"model": "core.activitylog", "pk": 373, "fields": {"user": 1, "action": "create", "object_type": "FabricColor", "object_id": 99, "description": "Создан цвет: 351 (358) для ткани Хюррем", "timestamp": "2025-07-30T11:45:57.038Z"}}, {"model": "core.activitylog", "pk": 374, "fields": {"user": 1, "action": "create", "object_type": "FabricColor", "object_id": 100, "description": "Создан цвет: 427 (862) для ткани Хюррем", "timestamp": "2025-07-30T11:46:16.637Z"}}, {"model": "core.activitylog", "pk": 375, "fields": {"user": 1, "action": "create", "object_type": "FabricColor", "object_id": 101, "description": "Создан цвет: 426 (309) для ткани Хюррем", "timestamp": "2025-07-30T11:46:56.725Z"}}, {"model": "core.activitylog", "pk": 376, "fields": {"user": 1, "action": "create", "object_type": "FabricColor", "object_id": 102, "description": "Создан цвет: 429 (950) для ткани Хюррем", "timestamp": "2025-07-30T11:47:05.927Z"}}, {"model": "core.activitylog", "pk": 377, "fields": {"user": 1, "action": "create", "object_type": "FabricColor", "object_id": 103, "description": "Создан цвет: 425 (424) для ткани Хюррем", "timestamp": "2025-07-30T11:47:14.805Z"}}, {"model": "core.activitylog", "pk": 378, "fields": {"user": 1, "action": "create", "object_type": "FabricColor", "object_id": 104, "description": "Создан цвет: 350 (317) для ткани Хюррем", "timestamp": "2025-07-30T11:48:33.005Z"}}, {"model": "core.activitylog", "pk": 379, "fields": {"user": 1, "action": "create", "object_type": "FabricColor", "object_id": 105, "description": "Создан цвет: 421 (640) для ткани Хюррем", "timestamp": "2025-07-30T11:48:42.252Z"}}, {"model": "core.activitylog", "pk": 380, "fields": {"user": 3, "action": "create", "object_type": "FabricRoll", "object_id": 93, "description": "Создан рулон 6462829 складовщиком", "timestamp": "2025-07-30T11:59:48.432Z"}}, {"model": "core.activitylog", "pk": 381, "fields": {"user": 3, "action": "create", "object_type": "FabricRoll", "object_id": 94, "description": "Создан рулон 6638951 складовщиком", "timestamp": "2025-07-30T12:02:20.458Z"}}, {"model": "core.activitylog", "pk": 382, "fields": {"user": 3, "action": "create", "object_type": "FabricRoll", "object_id": 95, "description": "Создан рулон 4190642 складовщиком", "timestamp": "2025-07-30T12:03:19.617Z"}}, {"model": "core.activitylog", "pk": 383, "fields": {"user": 3, "action": "create", "object_type": "FabricRoll", "object_id": 96, "description": "Создан рулон 6123464 складовщиком", "timestamp": "2025-07-30T12:03:52.177Z"}}, {"model": "core.activitylog", "pk": 384, "fields": {"user": 3, "action": "create", "object_type": "FabricRoll", "object_id": 97, "description": "Создан рулон 9372036 складовщиком", "timestamp": "2025-07-30T12:04:10.058Z"}}, {"model": "core.activitylog", "pk": 385, "fields": {"user": 3, "action": "create", "object_type": "FabricRoll", "object_id": 98, "description": "Создан рулон 2640823 складовщиком", "timestamp": "2025-07-30T12:04:28.937Z"}}, {"model": "core.activitylog", "pk": 386, "fields": {"user": 1, "action": "create", "object_type": "FabricColor", "object_id": 106, "description": "Создан цвет: 415 (439) для ткани Хюррем", "timestamp": "2025-07-30T12:04:30.867Z"}}, {"model": "core.activitylog", "pk": 387, "fields": {"user": 1, "action": "create", "object_type": "FabricColor", "object_id": 107, "description": "Создан цвет: 418 (859) для ткани Хюррем", "timestamp": "2025-07-30T12:04:39.027Z"}}, {"model": "core.activitylog", "pk": 388, "fields": {"user": 1, "action": "create", "object_type": "FabricColor", "object_id": 108, "description": "Создан цвет: 423 (270) для ткани Хюррем", "timestamp": "2025-07-30T12:04:48.867Z"}}, {"model": "core.activitylog", "pk": 389, "fields": {"user": 3, "action": "create", "object_type": "FabricRoll", "object_id": 99, "description": "Создан рулон 4203791 складовщиком", "timestamp": "2025-07-30T12:04:49.297Z"}}, {"model": "core.activitylog", "pk": 390, "fields": {"user": 1, "action": "create", "object_type": "FabricColor", "object_id": 109, "description": "Создан цвет: 420 (467) для ткани Хюррем", "timestamp": "2025-07-30T12:04:55.666Z"}}, {"model": "core.activitylog", "pk": 391, "fields": {"user": 1, "action": "create", "object_type": "FabricColor", "object_id": 110, "description": "Создан цвет: 409 (853) для ткани Хюррем", "timestamp": "2025-07-30T12:05:03.906Z"}}, {"model": "core.activitylog", "pk": 392, "fields": {"user": 3, "action": "create", "object_type": "FabricRoll", "object_id": 100, "description": "Создан рулон 0348302 складовщиком", "timestamp": "2025-07-30T12:05:09.625Z"}}, {"model": "core.activitylog", "pk": 393, "fields": {"user": 1, "action": "create", "object_type": "FabricColor", "object_id": 111, "description": "Создан цвет: 389 (769) для ткани Хюррем", "timestamp": "2025-07-30T12:05:12.474Z"}}, {"model": "core.activitylog", "pk": 394, "fields": {"user": 1, "action": "create", "object_type": "FabricColor", "object_id": 112, "description": "Создан цвет: 381 (408) для ткани Хюррем", "timestamp": "2025-07-30T12:05:29.028Z"}}, {"model": "core.activitylog", "pk": 395, "fields": {"user": 1, "action": "create", "object_type": "FabricColor", "object_id": 113, "description": "Создан цвет: 411 (605) для ткани Хюррем", "timestamp": "2025-07-30T12:05:37.673Z"}}, {"model": "core.activitylog", "pk": 396, "fields": {"user": 1, "action": "create", "object_type": "FabricColor", "object_id": 114, "description": "Создан цвет: 379 (266) для ткани Хюррем", "timestamp": "2025-07-30T12:05:44.794Z"}}, {"model": "core.activitylog", "pk": 397, "fields": {"user": 3, "action": "create", "object_type": "FabricRoll", "object_id": 101, "description": "Создан рулон 0186508 складовщиком", "timestamp": "2025-07-30T12:05:44.818Z"}}, {"model": "core.activitylog", "pk": 398, "fields": {"user": 1, "action": "create", "object_type": "FabricColor", "object_id": 115, "description": "Создан цвет: 413 (496) для ткани Хюррем", "timestamp": "2025-07-30T12:05:56.466Z"}}, {"model": "core.activitylog", "pk": 399, "fields": {"user": 1, "action": "create", "object_type": "FabricColor", "object_id": 116, "description": "Создан цвет: 375 (944) для ткани Хюррем", "timestamp": "2025-07-30T12:06:05.276Z"}}, {"model": "core.activitylog", "pk": 400, "fields": {"user": 3, "action": "create", "object_type": "FabricRoll", "object_id": 102, "description": "Создан рулон 2175971 складовщиком", "timestamp": "2025-07-30T12:06:09.091Z"}}, {"model": "core.activitylog", "pk": 401, "fields": {"user": 1, "action": "create", "object_type": "FabricColor", "object_id": 117, "description": "Создан цвет: 398 (550) для ткани Хюррем", "timestamp": "2025-07-30T12:06:14.626Z"}}, {"model": "core.activitylog", "pk": 402, "fields": {"user": 1, "action": "create", "object_type": "FabricColor", "object_id": 118, "description": "Создан цвет: 406 (683) для ткани Хюррем", "timestamp": "2025-07-30T12:06:31.106Z"}}, {"model": "core.activitylog", "pk": 403, "fields": {"user": 1, "action": "create", "object_type": "FabricColor", "object_id": 119, "description": "Создан цвет: 205 (151) для ткани Хюррем", "timestamp": "2025-07-30T12:06:40.467Z"}}, {"model": "core.activitylog", "pk": 404, "fields": {"user": 1, "action": "create", "object_type": "FabricColor", "object_id": 120, "description": "Создан цвет: 408 (842) для ткани Хюррем", "timestamp": "2025-07-30T12:06:51.267Z"}}, {"model": "core.activitylog", "pk": 405, "fields": {"user": 1, "action": "create", "object_type": "FabricColor", "object_id": 121, "description": "Создан цвет: 352 (221) для ткани Хюррем", "timestamp": "2025-07-30T12:07:00.140Z"}}, {"model": "core.activitylog", "pk": 406, "fields": {"user": 1, "action": "create", "object_type": "FabricColor", "object_id": 122, "description": "Создан цвет: 399 (688) для ткани Хюррем", "timestamp": "2025-07-30T12:07:12.234Z"}}, {"model": "core.activitylog", "pk": 407, "fields": {"user": 3, "action": "create", "object_type": "FabricRoll", "object_id": 103, "description": "Создан рулон 5058359 складовщиком", "timestamp": "2025-07-30T12:07:14.247Z"}}, {"model": "core.activitylog", "pk": 408, "fields": {"user": 1, "action": "create", "object_type": "FabricColor", "object_id": 123, "description": "Создан цвет: 400 (795) для ткани Хюррем", "timestamp": "2025-07-30T12:07:22.547Z"}}, {"model": "core.activitylog", "pk": 409, "fields": {"user": 1, "action": "create", "object_type": "FabricColor", "object_id": 124, "description": "Создан цвет: 376 (709) для ткани Хюррем", "timestamp": "2025-07-30T12:07:31.026Z"}}, {"model": "core.activitylog", "pk": 410, "fields": {"user": 1, "action": "create", "object_type": "FabricColor", "object_id": 125, "description": "Создан цвет: 384 (547) для ткани Хюррем", "timestamp": "2025-07-30T12:07:40.787Z"}}, {"model": "core.activitylog", "pk": 411, "fields": {"user": 1, "action": "create", "object_type": "FabricColor", "object_id": 126, "description": "Создан цвет: 378 (646) для ткани Хюррем", "timestamp": "2025-07-30T12:07:49.026Z"}}]