[{"model": "auth.permission", "pk": 1, "fields": {"name": "Can add log entry", "content_type": 1, "codename": "add_logentry"}}, {"model": "auth.permission", "pk": 2, "fields": {"name": "Can change log entry", "content_type": 1, "codename": "change_logentry"}}, {"model": "auth.permission", "pk": 3, "fields": {"name": "Can delete log entry", "content_type": 1, "codename": "delete_logentry"}}, {"model": "auth.permission", "pk": 4, "fields": {"name": "Can view log entry", "content_type": 1, "codename": "view_logentry"}}, {"model": "auth.permission", "pk": 5, "fields": {"name": "Can add permission", "content_type": 2, "codename": "add_permission"}}, {"model": "auth.permission", "pk": 6, "fields": {"name": "Can change permission", "content_type": 2, "codename": "change_permission"}}, {"model": "auth.permission", "pk": 7, "fields": {"name": "Can delete permission", "content_type": 2, "codename": "delete_permission"}}, {"model": "auth.permission", "pk": 8, "fields": {"name": "Can view permission", "content_type": 2, "codename": "view_permission"}}, {"model": "auth.permission", "pk": 9, "fields": {"name": "Can add group", "content_type": 3, "codename": "add_group"}}, {"model": "auth.permission", "pk": 10, "fields": {"name": "Can change group", "content_type": 3, "codename": "change_group"}}, {"model": "auth.permission", "pk": 11, "fields": {"name": "Can delete group", "content_type": 3, "codename": "delete_group"}}, {"model": "auth.permission", "pk": 12, "fields": {"name": "Can view group", "content_type": 3, "codename": "view_group"}}, {"model": "auth.permission", "pk": 13, "fields": {"name": "Can add user", "content_type": 4, "codename": "add_user"}}, {"model": "auth.permission", "pk": 14, "fields": {"name": "Can change user", "content_type": 4, "codename": "change_user"}}, {"model": "auth.permission", "pk": 15, "fields": {"name": "Can delete user", "content_type": 4, "codename": "delete_user"}}, {"model": "auth.permission", "pk": 16, "fields": {"name": "Can view user", "content_type": 4, "codename": "view_user"}}, {"model": "auth.permission", "pk": 17, "fields": {"name": "Can add content type", "content_type": 5, "codename": "add_contenttype"}}, {"model": "auth.permission", "pk": 18, "fields": {"name": "Can change content type", "content_type": 5, "codename": "change_contenttype"}}, {"model": "auth.permission", "pk": 19, "fields": {"name": "Can delete content type", "content_type": 5, "codename": "delete_contenttype"}}, {"model": "auth.permission", "pk": 20, "fields": {"name": "Can view content type", "content_type": 5, "codename": "view_contenttype"}}, {"model": "auth.permission", "pk": 21, "fields": {"name": "Can add session", "content_type": 6, "codename": "add_session"}}, {"model": "auth.permission", "pk": 22, "fields": {"name": "Can change session", "content_type": 6, "codename": "change_session"}}, {"model": "auth.permission", "pk": 23, "fields": {"name": "Can delete session", "content_type": 6, "codename": "delete_session"}}, {"model": "auth.permission", "pk": 24, "fields": {"name": "Can view session", "content_type": 6, "codename": "view_session"}}, {"model": "auth.permission", "pk": 25, "fields": {"name": "Can add Сделка", "content_type": 7, "codename": "add_deal"}}, {"model": "auth.permission", "pk": 26, "fields": {"name": "Can change Сделка", "content_type": 7, "codename": "change_deal"}}, {"model": "auth.permission", "pk": 27, "fields": {"name": "Can delete Сделка", "content_type": 7, "codename": "delete_deal"}}, {"model": "auth.permission", "pk": 28, "fields": {"name": "Can view Сделка", "content_type": 7, "codename": "view_deal"}}, {"model": "auth.permission", "pk": 29, "fields": {"name": "Can add Позиция заказа", "content_type": 8, "codename": "add_dealitem"}}, {"model": "auth.permission", "pk": 30, "fields": {"name": "Can change Позиция заказа", "content_type": 8, "codename": "change_dealitem"}}, {"model": "auth.permission", "pk": 31, "fields": {"name": "Can delete Позиция заказа", "content_type": 8, "codename": "delete_dealitem"}}, {"model": "auth.permission", "pk": 32, "fields": {"name": "Can view Позиция заказа", "content_type": 8, "codename": "view_dealitem"}}, {"model": "auth.permission", "pk": 33, "fields": {"name": "Can add Клиент", "content_type": 9, "codename": "add_client"}}, {"model": "auth.permission", "pk": 34, "fields": {"name": "Can change Клиент", "content_type": 9, "codename": "change_client"}}, {"model": "auth.permission", "pk": 35, "fields": {"name": "Can delete Клиент", "content_type": 9, "codename": "delete_client"}}, {"model": "auth.permission", "pk": 36, "fields": {"name": "Can view Клиент", "content_type": 9, "codename": "view_client"}}, {"model": "auth.permission", "pk": 37, "fields": {"name": "Can add Ткань", "content_type": 10, "codename": "add_fabric"}}, {"model": "auth.permission", "pk": 38, "fields": {"name": "Can change Ткань", "content_type": 10, "codename": "change_fabric"}}, {"model": "auth.permission", "pk": 39, "fields": {"name": "Can delete Ткань", "content_type": 10, "codename": "delete_fabric"}}, {"model": "auth.permission", "pk": 40, "fields": {"name": "Can view Ткань", "content_type": 10, "codename": "view_fabric"}}, {"model": "auth.permission", "pk": 41, "fields": {"name": "Can add Цвет ткани", "content_type": 11, "codename": "add_fabriccolor"}}, {"model": "auth.permission", "pk": 42, "fields": {"name": "Can change Цвет ткани", "content_type": 11, "codename": "change_fabriccolor"}}, {"model": "auth.permission", "pk": 43, "fields": {"name": "Can delete Цвет ткани", "content_type": 11, "codename": "delete_fabriccolor"}}, {"model": "auth.permission", "pk": 44, "fields": {"name": "Can view Цвет ткани", "content_type": 11, "codename": "view_fabriccolor"}}, {"model": "auth.permission", "pk": 45, "fields": {"name": "Can add Рулон ткани", "content_type": 12, "codename": "add_fabricroll"}}, {"model": "auth.permission", "pk": 46, "fields": {"name": "Can change Рулон ткани", "content_type": 12, "codename": "change_fabricroll"}}, {"model": "auth.permission", "pk": 47, "fields": {"name": "Can delete Рулон ткани", "content_type": 12, "codename": "delete_fabricroll"}}, {"model": "auth.permission", "pk": 48, "fields": {"name": "Can view Рулон ткани", "content_type": 12, "codename": "view_fabricroll"}}, {"model": "auth.permission", "pk": 49, "fields": {"name": "Can add Настройки системы", "content_type": 13, "codename": "add_systemsettings"}}, {"model": "auth.permission", "pk": 50, "fields": {"name": "Can change Настройки системы", "content_type": 13, "codename": "change_systemsettings"}}, {"model": "auth.permission", "pk": 51, "fields": {"name": "Can delete Настройки системы", "content_type": 13, "codename": "delete_systemsettings"}}, {"model": "auth.permission", "pk": 52, "fields": {"name": "Can view Настройки системы", "content_type": 13, "codename": "view_systemsettings"}}, {"model": "auth.permission", "pk": 53, "fields": {"name": "Can add Системные настройки", "content_type": 14, "codename": "add_systemsettings"}}, {"model": "auth.permission", "pk": 54, "fields": {"name": "Can change Системные настройки", "content_type": 14, "codename": "change_systemsettings"}}, {"model": "auth.permission", "pk": 55, "fields": {"name": "Can delete Системные настройки", "content_type": 14, "codename": "delete_systemsettings"}}, {"model": "auth.permission", "pk": 56, "fields": {"name": "Can view Системные настройки", "content_type": 14, "codename": "view_systemsettings"}}, {"model": "auth.permission", "pk": 57, "fields": {"name": "Can add Профиль пользователя", "content_type": 15, "codename": "add_userprofile"}}, {"model": "auth.permission", "pk": 58, "fields": {"name": "Can change Профиль пользователя", "content_type": 15, "codename": "change_userprofile"}}, {"model": "auth.permission", "pk": 59, "fields": {"name": "Can delete Профиль пользователя", "content_type": 15, "codename": "delete_userprofile"}}, {"model": "auth.permission", "pk": 60, "fields": {"name": "Can view Профиль пользователя", "content_type": 15, "codename": "view_userprofile"}}, {"model": "auth.permission", "pk": 61, "fields": {"name": "Can add Лог активности", "content_type": 16, "codename": "add_activitylog"}}, {"model": "auth.permission", "pk": 62, "fields": {"name": "Can change Лог активности", "content_type": 16, "codename": "change_activitylog"}}, {"model": "auth.permission", "pk": 63, "fields": {"name": "Can delete Лог активности", "content_type": 16, "codename": "delete_activitylog"}}, {"model": "auth.permission", "pk": 64, "fields": {"name": "Can view Лог активности", "content_type": 16, "codename": "view_activitylog"}}, {"model": "auth.group", "pk": 1, "fields": {"name": "Admin", "permissions": []}}, {"model": "auth.group", "pk": 2, "fields": {"name": "Accountant", "permissions": []}}, {"model": "auth.group", "pk": 3, "fields": {"name": "Warehouse", "permissions": []}}, {"model": "auth.user", "pk": 1, "fields": {"password": "pbkdf2_sha256$600000$iUYxUtyFBfNJZ8udHRTzDf$5m/2iaL47Fmv9tBcIrN9UCHDKFlkPBtG0EtkonNpfJI=", "last_login": "2025-07-29T23:37:35.040Z", "is_superuser": false, "username": "admin", "first_name": "", "last_name": "", "email": "admin@example.com", "is_staff": false, "is_active": true, "date_joined": "2025-07-26T13:14:53.796Z", "groups": [1], "user_permissions": []}}, {"model": "auth.user", "pk": 2, "fields": {"password": "pbkdf2_sha256$600000$PhMpTaUYvF3ECL8CKgChxH$JpmNBRIcvGSoIyBm6+oZj3X17iuJ1n51Wj4nm+5E3Xg=", "last_login": "2025-07-29T14:42:31.526Z", "is_superuser": false, "username": "accountant", "first_name": "", "last_name": "", "email": "accountant@example.com", "is_staff": false, "is_active": true, "date_joined": "2025-07-26T13:14:53.997Z", "groups": [2], "user_permissions": []}}, {"model": "auth.user", "pk": 3, "fields": {"password": "pbkdf2_sha256$600000$UcX65Q2PRgf3PUJz0QU15E$+bC9o7cReLWUIN+cn6G3dmZ4RKJgHXviMP8jcmMdbog=", "last_login": "2025-07-29T10:55:40.948Z", "is_superuser": false, "username": "warehouse", "first_name": "", "last_name": "", "email": "warehouse@example.com", "is_staff": false, "is_active": true, "date_joined": "2025-07-26T13:14:54.189Z", "groups": [3], "user_permissions": []}}, {"model": "contenttypes.contenttype", "pk": 1, "fields": {"app_label": "admin", "model": "logentry"}}, {"model": "contenttypes.contenttype", "pk": 2, "fields": {"app_label": "auth", "model": "permission"}}, {"model": "contenttypes.contenttype", "pk": 3, "fields": {"app_label": "auth", "model": "group"}}, {"model": "contenttypes.contenttype", "pk": 4, "fields": {"app_label": "auth", "model": "user"}}, {"model": "contenttypes.contenttype", "pk": 5, "fields": {"app_label": "contenttypes", "model": "contenttype"}}, {"model": "contenttypes.contenttype", "pk": 6, "fields": {"app_label": "sessions", "model": "session"}}, {"model": "contenttypes.contenttype", "pk": 7, "fields": {"app_label": "deals", "model": "deal"}}, {"model": "contenttypes.contenttype", "pk": 8, "fields": {"app_label": "deals", "model": "dealitem"}}, {"model": "contenttypes.contenttype", "pk": 9, "fields": {"app_label": "clients", "model": "client"}}, {"model": "contenttypes.contenttype", "pk": 10, "fields": {"app_label": "fabrics", "model": "fabric"}}, {"model": "contenttypes.contenttype", "pk": 11, "fields": {"app_label": "fabrics", "model": "fabriccolor"}}, {"model": "contenttypes.contenttype", "pk": 12, "fields": {"app_label": "fabrics", "model": "fabricroll"}}, {"model": "contenttypes.contenttype", "pk": 13, "fields": {"app_label": "finances", "model": "systemsettings"}}, {"model": "contenttypes.contenttype", "pk": 14, "fields": {"app_label": "core", "model": "systemsettings"}}, {"model": "contenttypes.contenttype", "pk": 15, "fields": {"app_label": "core", "model": "userprofile"}}, {"model": "contenttypes.contenttype", "pk": 16, "fields": {"app_label": "core", "model": "activitylog"}}, {"model": "sessions.session", "pk": "22pt6j03n203m1yj94dqrdi2k6njfml4", "fields": {"session_data": ".eJxVjDsOwjAQBe_iGln2bvyjpM8ZrPUPB5AjxUmFuDuylALaNzPvzTwde_VHz5tfErsyZJffLVB85jZAelC7rzyubd-WwIfCT9r5vKb8up3u30GlXkctNUqTpCougsioCsrJBAvBkkRhpQOXkw4xmGgMJQfGFV00AJYyCcU-X8qmN08:1ufh8O:hNKYXYC2K21WiXpFMYqg-IeEwohy6kqnn1EbiElM1pQ", "expire_date": "2025-08-09T15:48:28.469Z"}}, {"model": "sessions.session", "pk": "27g9uw794se4f5p7rybrga8bse18k621", "fields": {"session_data": ".eJxVjMsOwiAQRf-FtSHA8HTp3m8gwwBSNTQp7cr479qkC93ec859sYjb2uI2yhKnzM5MstPvlpAepe8g37HfZk5zX5cp8V3hBx38OufyvBzu30HD0b61T0lQrtoZIiAbkgCnbUWPFKoRwVmVrNTaQJWGQpFeGihKBSBAqJa9P-gON3k:1ugk1v:-EiLdO1HpIBJZe9TKljs_iHa96RkxADIMkOzgrefO48", "expire_date": "2025-08-12T13:06:07.505Z"}}, {"model": "sessions.session", "pk": "7oqkphqhat4p0i87lr1ssdo3fvk6av94", "fields": {"session_data": ".eJxVjEEOwiAQRe_C2pAOwlBcuu8ZyAxMpWpoUtqV8e7apAvd_vfef6lI21ri1mSJU1YXBer0uzGlh9Qd5DvV26zTXNdlYr0r-qBND3OW5_Vw_w4KtfKtPYsFEwKfAdxIGLIR6jEbJPI-WOMogQdEToIjp47EuT6Q62wANE69P9vgN3Y:1ufgI1:jXcACBELVz5RCSM5i9UvQK3-vmo2iYD944AA6XJX6zQ", "expire_date": "2025-08-09T14:54:21.236Z"}}, {"model": "sessions.session", "pk": "a5i3lglga8ch0m43u3vruqglksteyr7y", "fields": {"session_data": ".eJxVjEEOwiAQRe_C2hAKDKJL956BzAyDVA1NSrsy3l2bdKHb_977L5VwXWpau8xpzOqsBnX43Qj5IW0D-Y7tNmme2jKPpDdF77Tr65Tledndv4OKvX5rsgAcoyESOQX2aLD4wGRjoOgGygUlFlc8CTCQAX_MlkpAB9Y6tOr9AQizOLE:1ugjCn:Ovs7_dsLIAzL7IaRkoU89S12nHODBuUEsgTG3Ynz1Ag", "expire_date": "2025-08-12T12:13:17.262Z"}}, {"model": "sessions.session", "pk": "jg5vi4572bs47cmv0o0sk7rf5394b060", "fields": {"session_data": ".eJxVjMsOwiAQRf-FtSHA8HTp3m8gwwBSNTQp7cr479qkC93ec859sYjb2uI2yhKnzM5MstPvlpAepe8g37HfZk5zX5cp8V3hBx38OufyvBzu30HD0b61T0lQrtoZIiAbkgCnbUWPFKoRwVmVrNTaQJWGQpFeGihKBSBAqJa9P-gON3k:1ugjwD:og0IAPqzEbqCG7MGv6yJiWsZB0cVgQYUe2wSlJrHF3Q", "expire_date": "2025-08-12T13:00:13.366Z"}}, {"model": "sessions.session", "pk": "pzy3312yijgqaohr1b61s5dzjvror8vt", "fields": {"session_data": ".eJxVjEEOwiAQRe_C2pAOwlBcuu8ZyAxMpWpoUtqV8e7apAvd_vfef6lI21ri1mSJU1YXBer0uzGlh9Qd5DvV26zTXNdlYr0r-qBND3OW5_Vw_w4KtfKtPYsFEwKfAdxIGLIR6jEbJPI-WOMogQdEToIjp47EuT6Q62wANE69P9vgN3Y:1ugBMd:xfJza2bTrGtTblh6xF7owkVLuNNnkBsUVxJUA02_g-I", "expire_date": "2025-08-11T00:05:11.419Z"}}, {"model": "sessions.session", "pk": "qckpas6ka2jjfjf5dctg7aplr61fmihz", "fields": {"session_data": ".eJxVjMsOwiAQRf-FtSHA8HTp3m8gwwBSNTQp7cr479qkC93ec859sYjb2uI2yhKnzM5MstPvlpAepe8g37HfZk5zX5cp8V3hBx38OufyvBzu30HD0b61T0lQrtoZIiAbkgCnbUWPFKoRwVmVrNTaQJWGQpFeGihKBSBAqJa9P-gON3k:1ugtt1:2GV7guVokEKzNGjuuKLeAhuwByepowZsnrJj16aekHw", "expire_date": "2025-08-12T23:37:35.047Z"}}, {"model": "sessions.session", "pk": "qdm2yz5yi191r6rxzv45qc4wo2hwhwdh", "fields": {"session_data": ".eJxVjDsOwjAQBe_iGln2bvyjpM8ZrPUPB5AjxUmFuDuylALaNzPvzTwde_VHz5tfErsyZJffLVB85jZAelC7rzyubd-WwIfCT9r5vKb8up3u30GlXkctNUqTpCougsioCsrJBAvBkkRhpQOXkw4xmGgMJQfGFV00AJYyCcU-X8qmN08:1ughzg:hM5vuuufz2BxWBjRCdGrisY6dP5H9geb1zy2URW6E4U", "expire_date": "2025-08-12T10:55:40.951Z"}}, {"model": "sessions.session", "pk": "r0pxa2yujm2cup7goi0qunxhuw6s80xa", "fields": {"session_data": ".eJxVjEEOwiAQRe_C2pAyCAWX7nsGMsNQqRpISrsy3l1JutDdz38v7yUC7lsOe0trWFhcBIjT70cYH6l0wHcstypjLdu6kOyKPGiTU-X0vB7uXyBjyz3rxsSaPc4wgHJWWY5gTDJoHBKpkRitpu8EUhGUsQOcHZnIs9c-evH-AOjbOCE:1uglXD:nfhGM0cQuwN5Ki3V6Ea1ZolsAVqHR-sKpH44uCZK2Kg", "expire_date": "2025-08-12T14:42:31.529Z"}}, {"model": "deals.deal", "pk": 1, "fields": {"deal_number": "ORD-20250726-0001", "client": 1, "status": "paid", "total_amount": "92500.00", "total_with_vat": "103600.00", "created_at": "2025-07-26T13:46:24.222Z"}}, {"model": "deals.deal", "pk": 2, "fields": {"deal_number": "ORD-20250726-0002", "client": 2, "status": "pending_payment", "total_amount": null, "total_with_vat": null, "created_at": "2025-07-26T14:02:32.885Z"}}, {"model": "deals.deal", "pk": 3, "fields": {"deal_number": "ORD-20250726-0003", "client": 1, "status": "pending_payment", "total_amount": "20000.00", "total_with_vat": "22400.00", "created_at": "2025-07-26T14:08:50.558Z"}}, {"model": "deals.deal", "pk": 4, "fields": {"deal_number": "ORD-20250726-0004", "client": 2, "status": "paid", "total_amount": "30500.00", "total_with_vat": "34160.00", "created_at": "2025-07-26T14:48:44.265Z"}}, {"model": "deals.deal", "pk": 5, "fields": {"deal_number": "ORD-20250729-0001", "client": 3, "status": "pending_payment", "total_amount": "146040.00", "total_with_vat": "163564.80", "created_at": "2025-07-29T13:03:33.245Z"}}, {"model": "deals.deal", "pk": 6, "fields": {"deal_number": "ORD-20250729-0002", "client": 2, "status": "created", "total_amount": "0.00", "total_with_vat": "0.00", "created_at": "2025-07-29T13:15:22.598Z"}}, {"model": "deals.deal", "pk": 7, "fields": {"deal_number": "ORD-20250729-0003", "client": 2, "status": "pending_payment", "total_amount": "44000.00", "total_with_vat": "49280.00", "created_at": "2025-07-29T14:41:39.922Z"}}, {"model": "deals.deal", "pk": 8, "fields": {"deal_number": "ORD-20250729-0004", "client": 2, "status": "created", "total_amount": "0.00", "total_with_vat": "0.00", "created_at": "2025-07-29T14:45:13.892Z"}}, {"model": "deals.deal", "pk": 9, "fields": {"deal_number": "ORD-20250729-0005", "client": 4, "status": "paid", "total_amount": "26000.00", "total_with_vat": "29120.00", "created_at": "2025-07-29T14:47:56.770Z"}}, {"model": "deals.deal", "pk": 10, "fields": {"deal_number": "ORD-20250729-0006", "client": 3, "status": "created", "total_amount": "0.00", "total_with_vat": "0.00", "created_at": "2025-07-29T14:50:06.569Z"}}, {"model": "deals.deal", "pk": 11, "fields": {"deal_number": "ORD-20250729-0007", "client": 3, "status": "created", "total_amount": "0.00", "total_with_vat": "0.00", "created_at": "2025-07-29T14:50:58.574Z"}}, {"model": "deals.deal", "pk": 12, "fields": {"deal_number": "ORD-20250729-0008", "client": 1, "status": "created", "total_amount": "66000.00", "total_with_vat": "73920.00", "created_at": "2025-07-29T14:52:07.890Z"}}, {"model": "deals.dealitem", "pk": 1, "fields": {"deal": 1, "fabric_color": 2, "width_meters": "20.00", "price_per_meter": "3900.00", "total_price": "78000.00", "position_number": 1}}, {"model": "deals.dealitem", "pk": 4, "fields": {"deal": 1, "fabric_color": 5, "width_meters": "6.00", "price_per_meter": "4000.00", "total_price": "24000.00", "position_number": 3}}, {"model": "deals.dealitem", "pk": 8, "fields": {"deal": 4, "fabric_color": 2, "width_meters": "2.00", "price_per_meter": "4000.00", "total_price": "8000.00", "position_number": 2}}, {"model": "deals.dealitem", "pk": 10, "fields": {"deal": 5, "fabric_color": 27, "width_meters": "24.00", "price_per_meter": "1600.00", "total_price": "38400.00", "position_number": 1}}, {"model": "deals.dealitem", "pk": 13, "fields": {"deal": 5, "fabric_color": 30, "width_meters": "1.00", "price_per_meter": "1800.00", "total_price": "1800.00", "position_number": 3}}, {"model": "deals.dealitem", "pk": 14, "fields": {"deal": 5, "fabric_color": 28, "width_meters": "12.60", "price_per_meter": "8400.00", "total_price": "105840.00", "position_number": 4}}, {"model": "deals.dealitem", "pk": 15, "fields": {"deal": 7, "fabric_color": 3, "width_meters": "5.00", "price_per_meter": "4000.00", "total_price": "20000.00", "position_number": 1}}, {"model": "deals.dealitem", "pk": 16, "fields": {"deal": 7, "fabric_color": 2, "width_meters": "6.00", "price_per_meter": "4000.00", "total_price": "24000.00", "position_number": 2}}, {"model": "deals.dealitem", "pk": 17, "fields": {"deal": 9, "fabric_color": 6, "width_meters": "6.50", "price_per_meter": "4000.00", "total_price": "26000.00", "position_number": 1}}, {"model": "deals.dealitem", "pk": 19, "fields": {"deal": 12, "fabric_color": 10, "width_meters": "4.50", "price_per_meter": "4000.00", "total_price": "18000.00", "position_number": 1}}, {"model": "deals.dealitem", "pk": 20, "fields": {"deal": 12, "fabric_color": 18, "width_meters": "5.60", "price_per_meter": "4000.00", "total_price": "22400.00", "position_number": 2}}, {"model": "deals.dealitem", "pk": 21, "fields": {"deal": 12, "fabric_color": 7, "width_meters": "6.40", "price_per_meter": "4000.00", "total_price": "25600.00", "position_number": 3}}, {"model": "clients.client", "pk": 1, "fields": {"nickname": "АНЕЛЬ", "full_name": null, "phone": "77", "email": null, "address": null, "notes": "", "created_at": "2025-07-26T13:46:13.373Z"}}, {"model": "clients.client", "pk": 2, "fields": {"nickname": "сережа", "full_name": null, "phone": "5", "email": null, "address": null, "notes": "", "created_at": "2025-07-26T14:02:18.066Z"}}, {"model": "clients.client", "pk": 3, "fields": {"nickname": "Перезат", "full_name": null, "phone": "еее", "email": null, "address": null, "notes": "", "created_at": "2025-07-29T13:03:25.484Z"}}, {"model": "clients.client", "pk": 4, "fields": {"nickname": "Нарина", "full_name": null, "phone": "1", "email": null, "address": null, "notes": "", "created_at": "2025-07-29T14:47:43.600Z"}}, {"model": "fabrics.fabric", "pk": 1, "fields": {"name": "Двухсторонний блэкаут (Китайский)", "description": "", "cost_price": "2000.00", "selling_price": "4000.00", "created_at": "2025-07-26T13:32:22.532Z"}}, {"model": "fabrics.fabric", "pk": 3, "fields": {"name": "2178", "description": "", "cost_price": "3000.00", "selling_price": "3500.00", "created_at": "2025-07-29T11:00:49.702Z"}}, {"model": "fabrics.fabric", "pk": 6, "fields": {"name": "Французский", "description": "", "cost_price": "1.00", "selling_price": "1.00", "created_at": "2025-07-29T13:04:03.490Z"}}, {"model": "fabrics.fabric", "pk": 7, "fields": {"name": "863", "description": "", "cost_price": "7400.00", "selling_price": "8400.00", "created_at": "2025-07-29T13:04:26.425Z"}}, {"model": "fabrics.fabric", "pk": 8, "fields": {"name": "Лента", "description": "", "cost_price": "1.00", "selling_price": "1.00", "created_at": "2025-07-29T13:05:09.907Z"}}, {"model": "fabrics.fabric", "pk": 9, "fields": {"name": "6053", "description": "", "cost_price": "5600.00", "selling_price": "6000.00", "created_at": "2025-07-29T13:14:47.000Z"}}, {"model": "fabrics.fabric", "pk": 10, "fields": {"name": "Питек Китай", "description": "", "cost_price": "1500.00", "selling_price": "2150.00", "created_at": "2025-07-29T14:28:21.932Z"}}, {"model": "fabrics.fabriccolor", "pk": 1, "fields": {"fabric": 1, "color_name": "100", "color_number": "990", "color_hex": "#375aa0", "created_at": "2025-07-26T13:32:43.037Z"}}, {"model": "fabrics.fabriccolor", "pk": 2, "fields": {"fabric": 1, "color_name": "101", "color_number": "839", "color_hex": "#000000", "created_at": "2025-07-26T13:33:21.077Z"}}, {"model": "fabrics.fabriccolor", "pk": 3, "fields": {"fabric": 1, "color_name": "102", "color_number": "694", "color_hex": "#000000", "created_at": "2025-07-26T13:33:34.657Z"}}, {"model": "fabrics.fabriccolor", "pk": 4, "fields": {"fabric": 1, "color_name": "103", "color_number": "373", "color_hex": "#000000", "created_at": "2025-07-26T13:34:22.489Z"}}, {"model": "fabrics.fabriccolor", "pk": 5, "fields": {"fabric": 1, "color_name": "104", "color_number": "770", "color_hex": "#000000", "created_at": "2025-07-26T13:34:28.860Z"}}, {"model": "fabrics.fabriccolor", "pk": 6, "fields": {"fabric": 1, "color_name": "105", "color_number": "243", "color_hex": "#000000", "created_at": "2025-07-26T13:35:49.965Z"}}, {"model": "fabrics.fabriccolor", "pk": 7, "fields": {"fabric": 1, "color_name": "106", "color_number": "724", "color_hex": "#000000", "created_at": "2025-07-26T13:35:58.595Z"}}, {"model": "fabrics.fabriccolor", "pk": 8, "fields": {"fabric": 1, "color_name": "107", "color_number": "160", "color_hex": "#000000", "created_at": "2025-07-26T13:36:07.635Z"}}, {"model": "fabrics.fabriccolor", "pk": 9, "fields": {"fabric": 1, "color_name": "109", "color_number": "574", "color_hex": "#000000", "created_at": "2025-07-26T13:36:14.268Z"}}, {"model": "fabrics.fabriccolor", "pk": 10, "fields": {"fabric": 1, "color_name": "108", "color_number": "841", "color_hex": "#000000", "created_at": "2025-07-26T13:36:28.755Z"}}, {"model": "fabrics.fabriccolor", "pk": 11, "fields": {"fabric": 1, "color_name": "111", "color_number": "768", "color_hex": "#000000", "created_at": "2025-07-26T13:36:40.515Z"}}, {"model": "fabrics.fabriccolor", "pk": 12, "fields": {"fabric": 1, "color_name": "112", "color_number": "712", "color_hex": "#000000", "created_at": "2025-07-26T13:36:47.264Z"}}, {"model": "fabrics.fabriccolor", "pk": 13, "fields": {"fabric": 1, "color_name": "113", "color_number": "253", "color_hex": "#000000", "created_at": "2025-07-26T13:36:52.795Z"}}, {"model": "fabrics.fabriccolor", "pk": 14, "fields": {"fabric": 1, "color_name": "114", "color_number": "597", "color_hex": "#000000", "created_at": "2025-07-26T13:36:59.556Z"}}, {"model": "fabrics.fabriccolor", "pk": 15, "fields": {"fabric": 1, "color_name": "115", "color_number": "854", "color_hex": "#000000", "created_at": "2025-07-26T13:37:04.988Z"}}, {"model": "fabrics.fabriccolor", "pk": 16, "fields": {"fabric": 1, "color_name": "116", "color_number": "360", "color_hex": "#000000", "created_at": "2025-07-26T13:37:10.864Z"}}, {"model": "fabrics.fabriccolor", "pk": 17, "fields": {"fabric": 1, "color_name": "117", "color_number": "190", "color_hex": "#000000", "created_at": "2025-07-26T13:37:16.034Z"}}, {"model": "fabrics.fabriccolor", "pk": 18, "fields": {"fabric": 1, "color_name": "118", "color_number": "305", "color_hex": "#000000", "created_at": "2025-07-26T13:37:24.068Z"}}, {"model": "fabrics.fabriccolor", "pk": 19, "fields": {"fabric": 1, "color_name": "119", "color_number": "733", "color_hex": "#000000", "created_at": "2025-07-26T13:37:30.551Z"}}, {"model": "fabrics.fabriccolor", "pk": 24, "fields": {"fabric": 3, "color_name": "2", "color_number": "106", "color_hex": "#000000", "created_at": "2025-07-29T12:41:48.524Z"}}, {"model": "fabrics.fabriccolor", "pk": 25, "fields": {"fabric": 3, "color_name": "3", "color_number": "621", "color_hex": "#000000", "created_at": "2025-07-29T12:41:53.865Z"}}, {"model": "fabrics.fabriccolor", "pk": 26, "fields": {"fabric": 3, "color_name": "4", "color_number": "500", "color_hex": "#000000", "created_at": "2025-07-29T12:41:57.825Z"}}, {"model": "fabrics.fabriccolor", "pk": 27, "fields": {"fabric": 6, "color_name": "1", "color_number": "895", "color_hex": "#ffffff", "created_at": "2025-07-29T13:04:12.742Z"}}, {"model": "fabrics.fabriccolor", "pk": 28, "fields": {"fabric": 7, "color_name": "13", "color_number": "274", "color_hex": "#000000", "created_at": "2025-07-29T13:04:51.880Z"}}, {"model": "fabrics.fabriccolor", "pk": 29, "fields": {"fabric": 7, "color_name": "13", "color_number": "500", "color_hex": "#000000", "created_at": "2025-07-29T13:04:54.628Z"}}, {"model": "fabrics.fabriccolor", "pk": 30, "fields": {"fabric": 8, "color_name": "Хб", "color_number": "660", "color_hex": "#000000", "created_at": "2025-07-29T13:05:24.336Z"}}, {"model": "fabrics.fabriccolor", "pk": 31, "fields": {"fabric": 9, "color_name": "1", "color_number": "330", "color_hex": "#000000", "created_at": "2025-07-29T13:14:51.644Z"}}, {"model": "fabrics.fabricroll", "pk": 2, "fields": {"fabric_color": 1, "width_meters": "30.00", "barcode": "7583192", "is_active": false, "created_by_admin": false, "notes": "", "created_at": "2025-07-26T14:15:42.629Z"}}, {"model": "fabrics.fabricroll", "pk": 5, "fields": {"fabric_color": 1, "width_meters": "30.00", "barcode": "6466234", "is_active": false, "created_by_admin": false, "notes": "", "created_at": "2025-07-26T14:31:04.969Z"}}, {"model": "fabrics.fabricroll", "pk": 7, "fields": {"fabric_color": 1, "width_meters": "28.30", "barcode": "9617717", "is_active": false, "created_by_admin": false, "notes": "", "created_at": "2025-07-26T14:32:10.634Z"}}, {"model": "fabrics.fabricroll", "pk": 15, "fields": {"fabric_color": 16, "width_meters": "34.20", "barcode": "2222276", "is_active": true, "created_by_admin": false, "notes": "", "created_at": "2025-07-29T13:29:03.751Z"}}, {"model": "fabrics.fabricroll", "pk": 16, "fields": {"fabric_color": 7, "width_meters": "32.60", "barcode": "7539311", "is_active": true, "created_by_admin": false, "notes": "", "created_at": "2025-07-29T13:31:02.620Z"}}, {"model": "fabrics.fabricroll", "pk": 17, "fields": {"fabric_color": 7, "width_meters": "32.60", "barcode": "0503432", "is_active": true, "created_by_admin": false, "notes": "", "created_at": "2025-07-29T13:31:05.248Z"}}, {"model": "fabrics.fabricroll", "pk": 18, "fields": {"fabric_color": 6, "width_meters": "37.40", "barcode": "6490107", "is_active": true, "created_by_admin": false, "notes": "", "created_at": "2025-07-29T13:32:16.300Z"}}, {"model": "fabrics.fabricroll", "pk": 19, "fields": {"fabric_color": 10, "width_meters": "34.10", "barcode": "8032677", "is_active": true, "created_by_admin": false, "notes": "", "created_at": "2025-07-29T13:33:38.017Z"}}, {"model": "fabrics.fabricroll", "pk": 20, "fields": {"fabric_color": 17, "width_meters": "30.30", "barcode": "3055000", "is_active": true, "created_by_admin": false, "notes": "", "created_at": "2025-07-29T13:34:35.760Z"}}, {"model": "fabrics.fabricroll", "pk": 21, "fields": {"fabric_color": 10, "width_meters": "33.50", "barcode": "5099136", "is_active": true, "created_by_admin": false, "notes": "", "created_at": "2025-07-29T13:35:32.249Z"}}, {"model": "fabrics.fabricroll", "pk": 22, "fields": {"fabric_color": 10, "width_meters": "31.10", "barcode": "6473470", "is_active": true, "created_by_admin": false, "notes": "", "created_at": "2025-07-29T13:36:33.897Z"}}, {"model": "fabrics.fabricroll", "pk": 23, "fields": {"fabric_color": 12, "width_meters": "32.40", "barcode": "2120354", "is_active": true, "created_by_admin": false, "notes": "", "created_at": "2025-07-29T13:37:17.680Z"}}, {"model": "fabrics.fabricroll", "pk": 24, "fields": {"fabric_color": 11, "width_meters": "33.80", "barcode": "7623304", "is_active": true, "created_by_admin": false, "notes": "", "created_at": "2025-07-29T13:38:22.111Z"}}, {"model": "fabrics.fabricroll", "pk": 25, "fields": {"fabric_color": 3, "width_meters": "33.60", "barcode": "1553545", "is_active": true, "created_by_admin": false, "notes": "", "created_at": "2025-07-29T13:38:54.224Z"}}, {"model": "fabrics.fabricroll", "pk": 26, "fields": {"fabric_color": 15, "width_meters": "37.10", "barcode": "4542460", "is_active": true, "created_by_admin": false, "notes": "", "created_at": "2025-07-29T13:39:36.560Z"}}, {"model": "fabrics.fabricroll", "pk": 27, "fields": {"fabric_color": 15, "width_meters": "32.10", "barcode": "8016061", "is_active": true, "created_by_admin": false, "notes": "", "created_at": "2025-07-29T13:44:41.551Z"}}, {"model": "fabrics.fabricroll", "pk": 28, "fields": {"fabric_color": 3, "width_meters": "35.20", "barcode": "8114443", "is_active": true, "created_by_admin": false, "notes": "", "created_at": "2025-07-29T13:45:54.104Z"}}, {"model": "fabrics.fabricroll", "pk": 29, "fields": {"fabric_color": 6, "width_meters": "33.90", "barcode": "5699399", "is_active": true, "created_by_admin": false, "notes": "", "created_at": "2025-07-29T13:46:33.878Z"}}, {"model": "fabrics.fabricroll", "pk": 30, "fields": {"fabric_color": 9, "width_meters": "33.10", "barcode": "1286341", "is_active": true, "created_by_admin": false, "notes": "", "created_at": "2025-07-29T13:47:16.400Z"}}, {"model": "fabrics.fabricroll", "pk": 31, "fields": {"fabric_color": 14, "width_meters": "32.00", "barcode": "1856497", "is_active": true, "created_by_admin": false, "notes": "", "created_at": "2025-07-29T13:48:32.945Z"}}, {"model": "fabrics.fabricroll", "pk": 32, "fields": {"fabric_color": 7, "width_meters": "28.30", "barcode": "9281786", "is_active": true, "created_by_admin": false, "notes": "", "created_at": "2025-07-29T13:49:21.467Z"}}, {"model": "fabrics.fabricroll", "pk": 33, "fields": {"fabric_color": 3, "width_meters": "30.40", "barcode": "2523121", "is_active": true, "created_by_admin": false, "notes": "", "created_at": "2025-07-29T13:49:53.050Z"}}, {"model": "fabrics.fabricroll", "pk": 34, "fields": {"fabric_color": 10, "width_meters": "38.50", "barcode": "7528518", "is_active": true, "created_by_admin": false, "notes": "", "created_at": "2025-07-29T13:50:30.177Z"}}, {"model": "fabrics.fabricroll", "pk": 35, "fields": {"fabric_color": 3, "width_meters": "35.40", "barcode": "3567961", "is_active": true, "created_by_admin": false, "notes": "", "created_at": "2025-07-29T13:51:12.320Z"}}, {"model": "fabrics.fabricroll", "pk": 36, "fields": {"fabric_color": 4, "width_meters": "31.80", "barcode": "6170050", "is_active": true, "created_by_admin": false, "notes": "", "created_at": "2025-07-29T13:51:43.514Z"}}, {"model": "fabrics.fabricroll", "pk": 37, "fields": {"fabric_color": 9, "width_meters": "26.00", "barcode": "6566140", "is_active": true, "created_by_admin": false, "notes": "", "created_at": "2025-07-29T13:52:20.408Z"}}, {"model": "fabrics.fabricroll", "pk": 38, "fields": {"fabric_color": 7, "width_meters": "33.70", "barcode": "5256248", "is_active": true, "created_by_admin": false, "notes": "", "created_at": "2025-07-29T13:52:55.361Z"}}, {"model": "fabrics.fabricroll", "pk": 39, "fields": {"fabric_color": 3, "width_meters": "36.50", "barcode": "3981666", "is_active": true, "created_by_admin": false, "notes": "", "created_at": "2025-07-29T13:53:31.812Z"}}, {"model": "fabrics.fabricroll", "pk": 40, "fields": {"fabric_color": 10, "width_meters": "26.70", "barcode": "2819819", "is_active": true, "created_by_admin": false, "notes": "", "created_at": "2025-07-29T13:55:30.548Z"}}, {"model": "fabrics.fabricroll", "pk": 41, "fields": {"fabric_color": 2, "width_meters": "33.90", "barcode": "9823347", "is_active": true, "created_by_admin": false, "notes": "", "created_at": "2025-07-29T13:55:59.000Z"}}, {"model": "fabrics.fabricroll", "pk": 42, "fields": {"fabric_color": 6, "width_meters": "34.40", "barcode": "7728815", "is_active": true, "created_by_admin": false, "notes": "", "created_at": "2025-07-29T13:56:44.043Z"}}, {"model": "fabrics.fabricroll", "pk": 43, "fields": {"fabric_color": 10, "width_meters": "33.50", "barcode": "9542623", "is_active": true, "created_by_admin": false, "notes": "", "created_at": "2025-07-29T13:57:16.751Z"}}, {"model": "fabrics.fabricroll", "pk": 44, "fields": {"fabric_color": 3, "width_meters": "40.70", "barcode": "4237758", "is_active": true, "created_by_admin": false, "notes": "", "created_at": "2025-07-29T13:57:50.309Z"}}, {"model": "fabrics.fabricroll", "pk": 45, "fields": {"fabric_color": 15, "width_meters": "31.60", "barcode": "6906997", "is_active": true, "created_by_admin": false, "notes": "", "created_at": "2025-07-29T13:58:19.334Z"}}, {"model": "fabrics.fabricroll", "pk": 46, "fields": {"fabric_color": 7, "width_meters": "32.50", "barcode": "6623606", "is_active": true, "created_by_admin": false, "notes": "", "created_at": "2025-07-29T13:58:52.101Z"}}, {"model": "fabrics.fabricroll", "pk": 47, "fields": {"fabric_color": 7, "width_meters": "33.80", "barcode": "3392270", "is_active": true, "created_by_admin": false, "notes": "", "created_at": "2025-07-29T13:59:20.782Z"}}, {"model": "fabrics.fabricroll", "pk": 48, "fields": {"fabric_color": 10, "width_meters": "34.30", "barcode": "7656832", "is_active": true, "created_by_admin": false, "notes": "", "created_at": "2025-07-29T13:59:50.843Z"}}, {"model": "fabrics.fabricroll", "pk": 49, "fields": {"fabric_color": 3, "width_meters": "33.70", "barcode": "2085579", "is_active": true, "created_by_admin": false, "notes": "", "created_at": "2025-07-29T14:00:29.391Z"}}, {"model": "fabrics.fabricroll", "pk": 50, "fields": {"fabric_color": 7, "width_meters": "33.60", "barcode": "8838016", "is_active": true, "created_by_admin": false, "notes": "", "created_at": "2025-07-29T14:01:26.892Z"}}, {"model": "fabrics.fabricroll", "pk": 51, "fields": {"fabric_color": 19, "width_meters": "28.10", "barcode": "1737569", "is_active": true, "created_by_admin": false, "notes": "", "created_at": "2025-07-29T14:04:27.719Z"}}, {"model": "fabrics.fabricroll", "pk": 52, "fields": {"fabric_color": 16, "width_meters": "34.30", "barcode": "7597314", "is_active": true, "created_by_admin": false, "notes": "", "created_at": "2025-07-29T14:05:14.565Z"}}, {"model": "fabrics.fabricroll", "pk": 53, "fields": {"fabric_color": 15, "width_meters": "35.20", "barcode": "6151331", "is_active": true, "created_by_admin": false, "notes": "", "created_at": "2025-07-29T14:06:21.579Z"}}, {"model": "fabrics.fabricroll", "pk": 54, "fields": {"fabric_color": 7, "width_meters": "34.50", "barcode": "4675013", "is_active": true, "created_by_admin": false, "notes": "", "created_at": "2025-07-29T14:08:30.179Z"}}, {"model": "fabrics.fabricroll", "pk": 55, "fields": {"fabric_color": 16, "width_meters": "33.70", "barcode": "3867404", "is_active": true, "created_by_admin": false, "notes": "", "created_at": "2025-07-29T14:09:15.259Z"}}, {"model": "fabrics.fabricroll", "pk": 56, "fields": {"fabric_color": 10, "width_meters": "34.10", "barcode": "2860821", "is_active": true, "created_by_admin": false, "notes": "", "created_at": "2025-07-29T14:09:56.667Z"}}, {"model": "fabrics.fabricroll", "pk": 57, "fields": {"fabric_color": 11, "width_meters": "32.90", "barcode": "2835090", "is_active": true, "created_by_admin": false, "notes": "", "created_at": "2025-07-29T14:10:42.628Z"}}, {"model": "fabrics.fabricroll", "pk": 58, "fields": {"fabric_color": 11, "width_meters": "32.90", "barcode": "5305264", "is_active": true, "created_by_admin": false, "notes": "", "created_at": "2025-07-29T14:10:45.695Z"}}, {"model": "fabrics.fabricroll", "pk": 59, "fields": {"fabric_color": 7, "width_meters": "33.70", "barcode": "2756089", "is_active": true, "created_by_admin": false, "notes": "", "created_at": "2025-07-29T14:11:17.467Z"}}, {"model": "fabrics.fabricroll", "pk": 61, "fields": {"fabric_color": 14, "width_meters": "30.90", "barcode": "7024617", "is_active": true, "created_by_admin": false, "notes": "", "created_at": "2025-07-29T14:13:35.237Z"}}, {"model": "fabrics.fabricroll", "pk": 62, "fields": {"fabric_color": 7, "width_meters": "32.90", "barcode": "0700678", "is_active": true, "created_by_admin": false, "notes": "", "created_at": "2025-07-29T14:14:05.160Z"}}, {"model": "fabrics.fabricroll", "pk": 63, "fields": {"fabric_color": 6, "width_meters": "35.40", "barcode": "0826439", "is_active": true, "created_by_admin": false, "notes": "", "created_at": "2025-07-29T14:14:45.814Z"}}, {"model": "fabrics.fabricroll", "pk": 64, "fields": {"fabric_color": 11, "width_meters": "33.60", "barcode": "5021764", "is_active": true, "created_by_admin": false, "notes": "", "created_at": "2025-07-29T14:16:12.253Z"}}, {"model": "fabrics.fabricroll", "pk": 65, "fields": {"fabric_color": 3, "width_meters": "39.60", "barcode": "9947736", "is_active": true, "created_by_admin": false, "notes": "", "created_at": "2025-07-29T14:16:49.859Z"}}, {"model": "fabrics.fabricroll", "pk": 66, "fields": {"fabric_color": 10, "width_meters": "33.00", "barcode": "0554486", "is_active": true, "created_by_admin": false, "notes": "", "created_at": "2025-07-29T14:18:15.527Z"}}, {"model": "fabrics.fabricroll", "pk": 67, "fields": {"fabric_color": 10, "width_meters": "33.00", "barcode": "5546912", "is_active": true, "created_by_admin": false, "notes": "", "created_at": "2025-07-29T14:18:48.557Z"}}, {"model": "fabrics.fabricroll", "pk": 68, "fields": {"fabric_color": 10, "width_meters": "33.00", "barcode": "3326983", "is_active": true, "created_by_admin": false, "notes": "", "created_at": "2025-07-29T14:18:48.944Z"}}, {"model": "fabrics.fabricroll", "pk": 69, "fields": {"fabric_color": 17, "width_meters": "30.30", "barcode": "5229875", "is_active": true, "created_by_admin": false, "notes": "", "created_at": "2025-07-29T14:20:26.267Z"}}, {"model": "fabrics.fabricroll", "pk": 70, "fields": {"fabric_color": 17, "width_meters": "30.30", "barcode": "8630821", "is_active": true, "created_by_admin": false, "notes": "", "created_at": "2025-07-29T14:20:28.939Z"}}, {"model": "fabrics.fabricroll", "pk": 71, "fields": {"fabric_color": 18, "width_meters": "33.50", "barcode": "7741474", "is_active": true, "created_by_admin": false, "notes": "", "created_at": "2025-07-29T14:23:05.908Z"}}, {"model": "fabrics.fabricroll", "pk": 72, "fields": {"fabric_color": 11, "width_meters": "35.70", "barcode": "8240131", "is_active": true, "created_by_admin": false, "notes": "", "created_at": "2025-07-29T14:23:51.391Z"}}, {"model": "fabrics.fabricroll", "pk": 73, "fields": {"fabric_color": 14, "width_meters": "29.00", "barcode": "5289833", "is_active": true, "created_by_admin": false, "notes": "", "created_at": "2025-07-29T14:24:27.908Z"}}, {"model": "fabrics.fabricroll", "pk": 74, "fields": {"fabric_color": 14, "width_meters": "31.60", "barcode": "8729735", "is_active": true, "created_by_admin": false, "notes": "", "created_at": "2025-07-29T14:25:03.615Z"}}, {"model": "fabrics.fabricroll", "pk": 75, "fields": {"fabric_color": 8, "width_meters": "32.50", "barcode": "4659744", "is_active": true, "created_by_admin": false, "notes": "", "created_at": "2025-07-29T14:25:43.829Z"}}, {"model": "fabrics.fabricroll", "pk": 76, "fields": {"fabric_color": 17, "width_meters": "28.60", "barcode": "7720614", "is_active": true, "created_by_admin": false, "notes": "", "created_at": "2025-07-29T14:26:28.387Z"}}, {"model": "fabrics.fabricroll", "pk": 77, "fields": {"fabric_color": 2, "width_meters": "33.00", "barcode": "6667977", "is_active": true, "created_by_admin": false, "notes": "", "created_at": "2025-07-29T14:27:09.503Z"}}, {"model": "fabrics.fabricroll", "pk": 78, "fields": {"fabric_color": 14, "width_meters": "33.60", "barcode": "0316689", "is_active": true, "created_by_admin": false, "notes": "", "created_at": "2025-07-29T14:27:42.984Z"}}, {"model": "fabrics.fabricroll", "pk": 79, "fields": {"fabric_color": 7, "width_meters": "30.30", "barcode": "0063584", "is_active": true, "created_by_admin": false, "notes": "", "created_at": "2025-07-29T14:28:17.732Z"}}, {"model": "fabrics.fabricroll", "pk": 80, "fields": {"fabric_color": 17, "width_meters": "30.80", "barcode": "6713780", "is_active": true, "created_by_admin": false, "notes": "", "created_at": "2025-07-29T14:28:55.012Z"}}, {"model": "fabrics.fabricroll", "pk": 81, "fields": {"fabric_color": 1, "width_meters": "33.90", "barcode": "7856113", "is_active": true, "created_by_admin": false, "notes": "", "created_at": "2025-07-29T14:29:53.378Z"}}, {"model": "fabrics.fabricroll", "pk": 82, "fields": {"fabric_color": 13, "width_meters": "31.90", "barcode": "0344050", "is_active": true, "created_by_admin": false, "notes": "", "created_at": "2025-07-29T14:30:28.614Z"}}, {"model": "fabrics.fabricroll", "pk": 83, "fields": {"fabric_color": 17, "width_meters": "33.30", "barcode": "8341325", "is_active": true, "created_by_admin": false, "notes": "", "created_at": "2025-07-29T14:31:11.337Z"}}, {"model": "fabrics.fabricroll", "pk": 84, "fields": {"fabric_color": 4, "width_meters": "33.30", "barcode": "7775426", "is_active": true, "created_by_admin": false, "notes": "", "created_at": "2025-07-29T14:31:59.866Z"}}, {"model": "fabrics.fabricroll", "pk": 85, "fields": {"fabric_color": 19, "width_meters": "23.90", "barcode": "3173345", "is_active": true, "created_by_admin": false, "notes": "", "created_at": "2025-07-29T14:32:31.875Z"}}, {"model": "fabrics.fabricroll", "pk": 87, "fields": {"fabric_color": 2, "width_meters": "32.20", "barcode": "0335116", "is_active": true, "created_by_admin": false, "notes": "", "created_at": "2025-07-29T14:34:32.080Z"}}, {"model": "fabrics.fabricroll", "pk": 88, "fields": {"fabric_color": 13, "width_meters": "31.90", "barcode": "0312152", "is_active": true, "created_by_admin": false, "notes": "", "created_at": "2025-07-29T14:35:15.776Z"}}, {"model": "fabrics.fabricroll", "pk": 89, "fields": {"fabric_color": 16, "width_meters": "34.00", "barcode": "7279955", "is_active": true, "created_by_admin": false, "notes": "", "created_at": "2025-07-29T14:35:46.310Z"}}, {"model": "fabrics.fabricroll", "pk": 90, "fields": {"fabric_color": 1, "width_meters": "34.00", "barcode": "5518777", "is_active": true, "created_by_admin": false, "notes": "", "created_at": "2025-07-29T14:37:42.106Z"}}, {"model": "fabrics.fabricroll", "pk": 91, "fields": {"fabric_color": 6, "width_meters": "29.30", "barcode": "4108701", "is_active": true, "created_by_admin": false, "notes": "", "created_at": "2025-07-29T14:38:12.608Z"}}, {"model": "finances.systemsettings", "pk": 1, "fields": {"vat_rate": "12.00", "markup_percentage": "20.00"}}, {"model": "core.userprofile", "pk": 1, "fields": {"user": 1, "role": "admin"}}, {"model": "core.userprofile", "pk": 2, "fields": {"user": 2, "role": "accountant"}}, {"model": "core.userprofile", "pk": 3, "fields": {"user": 3, "role": "warehouse"}}, {"model": "core.activitylog", "pk": 1, "fields": {"user": 1, "action": "create", "object_type": "Fabric", "object_id": 1, "description": "Создана ткань: Двухсторонний блэкаут (Китайский)", "timestamp": "2025-07-26T13:32:22.570Z"}}, {"model": "core.activitylog", "pk": 2, "fields": {"user": 1, "action": "create", "object_type": "FabricColor", "object_id": 1, "description": "Создан цвет: 100 (990) для ткани Двухсторонний блэкаут (Китайский)", "timestamp": "2025-07-26T13:32:43.041Z"}}, {"model": "core.activitylog", "pk": 3, "fields": {"user": 1, "action": "create", "object_type": "FabricColor", "object_id": 2, "description": "Создан цвет: 101 (839) для ткани Двухсторонний блэкаут (Китайский)", "timestamp": "2025-07-26T13:33:21.081Z"}}, {"model": "core.activitylog", "pk": 4, "fields": {"user": 1, "action": "create", "object_type": "FabricColor", "object_id": 3, "description": "Создан цвет: 102 (694) для ткани Двухсторонний блэкаут (Китайский)", "timestamp": "2025-07-26T13:33:34.661Z"}}, {"model": "core.activitylog", "pk": 5, "fields": {"user": 1, "action": "create", "object_type": "FabricColor", "object_id": 4, "description": "Создан цвет: 103 (373) для ткани Двухсторонний блэкаут (Китайский)", "timestamp": "2025-07-26T13:34:22.493Z"}}, {"model": "core.activitylog", "pk": 6, "fields": {"user": 1, "action": "create", "object_type": "FabricColor", "object_id": 5, "description": "Создан цвет: 104 (770) для ткани Двухсторонний блэкаут (Китайский)", "timestamp": "2025-07-26T13:34:28.864Z"}}, {"model": "core.activitylog", "pk": 7, "fields": {"user": 1, "action": "create", "object_type": "FabricColor", "object_id": 6, "description": "Создан цвет: 105 (243) для ткани Двухсторонний блэкаут (Китайский)", "timestamp": "2025-07-26T13:35:49.968Z"}}, {"model": "core.activitylog", "pk": 8, "fields": {"user": 1, "action": "create", "object_type": "FabricColor", "object_id": 7, "description": "Создан цвет: 106 (724) для ткани Двухсторонний блэкаут (Китайский)", "timestamp": "2025-07-26T13:35:58.599Z"}}, {"model": "core.activitylog", "pk": 9, "fields": {"user": 1, "action": "create", "object_type": "FabricColor", "object_id": 8, "description": "Создан цвет: 107 (160) для ткани Двухсторонний блэкаут (Китайский)", "timestamp": "2025-07-26T13:36:07.639Z"}}, {"model": "core.activitylog", "pk": 10, "fields": {"user": 1, "action": "create", "object_type": "FabricColor", "object_id": 9, "description": "Создан цвет: 109 (574) для ткани Двухсторонний блэкаут (Китайский)", "timestamp": "2025-07-26T13:36:14.272Z"}}, {"model": "core.activitylog", "pk": 11, "fields": {"user": 1, "action": "create", "object_type": "FabricColor", "object_id": 10, "description": "Создан цвет: 108 (841) для ткани Двухсторонний блэкаут (Китайский)", "timestamp": "2025-07-26T13:36:28.758Z"}}, {"model": "core.activitylog", "pk": 12, "fields": {"user": 1, "action": "create", "object_type": "FabricColor", "object_id": 11, "description": "Создан цвет: 111 (768) для ткани Двухсторонний блэкаут (Китайский)", "timestamp": "2025-07-26T13:36:40.518Z"}}, {"model": "core.activitylog", "pk": 13, "fields": {"user": 1, "action": "create", "object_type": "FabricColor", "object_id": 12, "description": "Создан цвет: 112 (712) для ткани Двухсторонний блэкаут (Китайский)", "timestamp": "2025-07-26T13:36:47.267Z"}}, {"model": "core.activitylog", "pk": 14, "fields": {"user": 1, "action": "create", "object_type": "FabricColor", "object_id": 13, "description": "Создан цвет: 113 (253) для ткани Двухсторонний блэкаут (Китайский)", "timestamp": "2025-07-26T13:36:52.799Z"}}, {"model": "core.activitylog", "pk": 15, "fields": {"user": 1, "action": "create", "object_type": "FabricColor", "object_id": 14, "description": "Создан цвет: 114 (597) для ткани Двухсторонний блэкаут (Китайский)", "timestamp": "2025-07-26T13:36:59.560Z"}}, {"model": "core.activitylog", "pk": 16, "fields": {"user": 1, "action": "create", "object_type": "FabricColor", "object_id": 15, "description": "Создан цвет: 115 (854) для ткани Двухсторонний блэкаут (Китайский)", "timestamp": "2025-07-26T13:37:04.992Z"}}, {"model": "core.activitylog", "pk": 17, "fields": {"user": 1, "action": "create", "object_type": "FabricColor", "object_id": 16, "description": "Создан цвет: 116 (360) для ткани Двухсторонний блэкаут (Китайский)", "timestamp": "2025-07-26T13:37:10.868Z"}}, {"model": "core.activitylog", "pk": 18, "fields": {"user": 1, "action": "create", "object_type": "FabricColor", "object_id": 17, "description": "Создан цвет: 117 (190) для ткани Двухсторонний блэкаут (Китайский)", "timestamp": "2025-07-26T13:37:16.037Z"}}, {"model": "core.activitylog", "pk": 19, "fields": {"user": 1, "action": "create", "object_type": "FabricColor", "object_id": 18, "description": "Создан цвет: 118 (305) для ткани Двухсторонний блэкаут (Китайский)", "timestamp": "2025-07-26T13:37:24.071Z"}}, {"model": "core.activitylog", "pk": 20, "fields": {"user": 1, "action": "create", "object_type": "FabricColor", "object_id": 19, "description": "Создан цвет: 119 (733) для ткани Двухсторонний блэкаут (Китайский)", "timestamp": "2025-07-26T13:37:30.555Z"}}, {"model": "core.activitylog", "pk": 21, "fields": {"user": 1, "action": "create", "object_type": "FabricRoll", "object_id": 1, "description": "Создан рулон 2759914 складовщиком", "timestamp": "2025-07-26T13:37:59.318Z"}}, {"model": "core.activitylog", "pk": 22, "fields": {"user": 1, "action": "create", "object_type": "Client", "object_id": 1, "description": "Создан клиент: АНЕЛЬ", "timestamp": "2025-07-26T13:46:13.376Z"}}, {"model": "core.activitylog", "pk": 23, "fields": {"user": 1, "action": "create", "object_type": "Deal", "object_id": 1, "description": "Создана сделка: ORD-20250726-0001", "timestamp": "2025-07-26T13:46:24.225Z"}}, {"model": "core.activitylog", "pk": 24, "fields": {"user": 1, "action": "create", "object_type": "DealItem", "object_id": 1, "description": "Добавлена позиция в сделку ORD-20250726-0001: Двухсторонний блэкаут (Китайский) (101)", "timestamp": "2025-07-26T13:47:00.166Z"}}, {"model": "core.activitylog", "pk": 25, "fields": {"user": 1, "action": "update", "object_type": "DealItem", "object_id": 1, "description": "Отредактирована позиция в сделке ORD-20250726-0001: Двухсторонний блэкаут (Китайский) (101)", "timestamp": "2025-07-26T13:47:57.165Z"}}, {"model": "core.activitylog", "pk": 26, "fields": {"user": 1, "action": "update", "object_type": "DealItem", "object_id": 1, "description": "Отредактирована позиция в сделке ORD-20250726-0001: Двухсторонний блэкаут (Китайский) (101)", "timestamp": "2025-07-26T13:47:57.241Z"}}, {"model": "core.activitylog", "pk": 27, "fields": {"user": 1, "action": "update", "object_type": "DealItem", "object_id": 1, "description": "Отредактирована позиция в сделке ORD-20250726-0001: Двухсторонний блэкаут (Китайский) (101)", "timestamp": "2025-07-26T13:48:06.018Z"}}, {"model": "core.activitylog", "pk": 28, "fields": {"user": 1, "action": "update", "object_type": "DealItem", "object_id": 1, "description": "Отредактирована позиция в сделке ORD-20250726-0001: Двухсторонний блэкаут (Китайский) (101)", "timestamp": "2025-07-26T13:48:06.026Z"}}, {"model": "core.activitylog", "pk": 29, "fields": {"user": 1, "action": "update", "object_type": "DealItem", "object_id": 1, "description": "Отредактирована позиция в сделке ORD-20250726-0001: Двухсторонний блэкаут (Китайский) (101)", "timestamp": "2025-07-26T13:48:13.382Z"}}, {"model": "core.activitylog", "pk": 30, "fields": {"user": 1, "action": "update", "object_type": "DealItem", "object_id": 1, "description": "Отредактирована позиция в сделке ORD-20250726-0001: Двухсторонний блэкаут (Китайский) (101)", "timestamp": "2025-07-26T13:48:13.380Z"}}, {"model": "core.activitylog", "pk": 31, "fields": {"user": 1, "action": "update", "object_type": "DealItem", "object_id": 1, "description": "Отредактирована позиция в сделке ORD-20250726-0001: Двухсторонний блэкаут (Китайский) (101)", "timestamp": "2025-07-26T13:48:25.981Z"}}, {"model": "core.activitylog", "pk": 32, "fields": {"user": 1, "action": "update", "object_type": "DealItem", "object_id": 1, "description": "Отредактирована позиция в сделке ORD-20250726-0001: Двухсторонний блэкаут (Китайский) (101)", "timestamp": "2025-07-26T13:48:25.978Z"}}, {"model": "core.activitylog", "pk": 33, "fields": {"user": 1, "action": "update", "object_type": "DealItem", "object_id": 1, "description": "Отредактирована позиция в сделке ORD-20250726-0001: Двухсторонний блэкаут (Китайский) (101)", "timestamp": "2025-07-26T13:49:06.653Z"}}, {"model": "core.activitylog", "pk": 34, "fields": {"user": 1, "action": "update", "object_type": "DealItem", "object_id": 1, "description": "Отредактирована позиция в сделке ORD-20250726-0001: Двухсторонний блэкаут (Китайский) (101)", "timestamp": "2025-07-26T13:49:06.665Z"}}, {"model": "core.activitylog", "pk": 35, "fields": {"user": 1, "action": "create", "object_type": "Fabric", "object_id": 2, "description": "Создана ткань: 2132", "timestamp": "2025-07-26T13:52:31.871Z"}}, {"model": "core.activitylog", "pk": 36, "fields": {"user": 1, "action": "create", "object_type": "FabricColor", "object_id": 20, "description": "Создан цвет: 1 (340) для ткани 2132", "timestamp": "2025-07-26T13:53:00.752Z"}}, {"model": "core.activitylog", "pk": 37, "fields": {"user": 1, "action": "create", "object_type": "FabricColor", "object_id": 21, "description": "Создан цвет: 1 (632) для ткани 2132", "timestamp": "2025-07-26T13:53:02.670Z"}}, {"model": "core.activitylog", "pk": 38, "fields": {"user": 1, "action": "create", "object_type": "FabricColor", "object_id": 22, "description": "Создан цвет: 4 (755) для ткани 2132", "timestamp": "2025-07-26T13:53:11.271Z"}}, {"model": "core.activitylog", "pk": 39, "fields": {"user": 1, "action": "create", "object_type": "FabricColor", "object_id": 23, "description": "Создан цвет: 5 (989) для ткани 2132", "timestamp": "2025-07-26T13:53:20.947Z"}}, {"model": "core.activitylog", "pk": 40, "fields": {"user": 1, "action": "create", "object_type": "DealItem", "object_id": 2, "description": "Добавлена позиция в сделку ORD-20250726-0001: 2132 (4)", "timestamp": "2025-07-26T13:54:07.272Z"}}, {"model": "core.activitylog", "pk": 41, "fields": {"user": 1, "action": "create", "object_type": "DealItem", "object_id": 3, "description": "Добавлена позиция в сделку ORD-20250726-0001: 2132 (4)", "timestamp": "2025-07-26T13:54:07.747Z"}}, {"model": "core.activitylog", "pk": 42, "fields": {"user": 1, "action": "delete", "object_type": "DealItem", "object_id": 3, "description": "Удалена позиция из сделки: ORD-20250726-0001", "timestamp": "2025-07-26T13:54:14.621Z"}}, {"model": "core.activitylog", "pk": 43, "fields": {"user": 1, "action": "create", "object_type": "DealItem", "object_id": 4, "description": "Добавлена позиция в сделку ORD-20250726-0001: Двухсторонний блэкаут (Китайский) (104)", "timestamp": "2025-07-26T13:54:56.440Z"}}, {"model": "core.activitylog", "pk": 44, "fields": {"user": 1, "action": "update", "object_type": "Deal", "object_id": 1, "description": "Изменен статус сделки ORD-20250726-0001: Создан → Ожидание оплаты", "timestamp": "2025-07-26T13:55:20.465Z"}}, {"model": "core.activitylog", "pk": 45, "fields": {"user": 1, "action": "update", "object_type": "Deal", "object_id": 1, "description": "Изменен статус сделки ORD-20250726-0001: Ожидание оплаты → Ожидание оплаты", "timestamp": "2025-07-26T13:55:21.876Z"}}, {"model": "core.activitylog", "pk": 46, "fields": {"user": 2, "action": "create", "object_type": "Client", "object_id": 2, "description": "Создан клиент: сережа", "timestamp": "2025-07-26T14:02:18.070Z"}}, {"model": "core.activitylog", "pk": 47, "fields": {"user": 2, "action": "create", "object_type": "Deal", "object_id": 2, "description": "Создана сделка: ORD-20250726-0002", "timestamp": "2025-07-26T14:02:32.889Z"}}, {"model": "core.activitylog", "pk": 48, "fields": {"user": 1, "action": "create", "object_type": "DealItem", "object_id": 5, "description": "Добавлена позиция в сделку ORD-20250726-0002: 2132 (1)", "timestamp": "2025-07-26T14:04:25.125Z"}}, {"model": "core.activitylog", "pk": 49, "fields": {"user": 1, "action": "update", "object_type": "Deal", "object_id": 1, "description": "Изменен статус сделки ORD-20250726-0001: Ожидание оплаты → Оплачен", "timestamp": "2025-07-26T14:05:39.349Z"}}, {"model": "core.activitylog", "pk": 50, "fields": {"user": 1, "action": "create", "object_type": "DealItem", "object_id": 6, "description": "Добавлена позиция в сделку ORD-20250726-0002: 2132 (4)", "timestamp": "2025-07-26T14:08:26.805Z"}}, {"model": "core.activitylog", "pk": 51, "fields": {"user": 1, "action": "update", "object_type": "Deal", "object_id": 2, "description": "Изменен статус сделки ORD-20250726-0002: Создан → Ожидание оплаты", "timestamp": "2025-07-26T14:08:31.590Z"}}, {"model": "core.activitylog", "pk": 52, "fields": {"user": 1, "action": "create", "object_type": "Deal", "object_id": 3, "description": "Создана сделка: ORD-20250726-0003", "timestamp": "2025-07-26T14:08:50.562Z"}}, {"model": "core.activitylog", "pk": 53, "fields": {"user": 1, "action": "create", "object_type": "FabricRoll", "object_id": 2, "description": "Создан рулон 7583192 складовщиком", "timestamp": "2025-07-26T14:15:42.633Z"}}, {"model": "core.activitylog", "pk": 54, "fields": {"user": 1, "action": "update", "object_type": "FabricRoll", "object_id": 2, "description": "Рулон 7583192 списан через сканирование", "timestamp": "2025-07-26T14:24:42.484Z"}}, {"model": "core.activitylog", "pk": 55, "fields": {"user": 1, "action": "create", "object_type": "FabricRoll", "object_id": 3, "description": "Создан рулон 7367125 складовщиком", "timestamp": "2025-07-26T14:27:15.780Z"}}, {"model": "core.activitylog", "pk": 56, "fields": {"user": 1, "action": "create", "object_type": "FabricRoll", "object_id": 4, "description": "Создан рулон 0435353 складовщиком", "timestamp": "2025-07-26T14:27:33.569Z"}}, {"model": "core.activitylog", "pk": 57, "fields": {"user": 1, "action": "create", "object_type": "FabricRoll", "object_id": 5, "description": "Создан рулон 6466234 складовщиком", "timestamp": "2025-07-26T14:31:04.972Z"}}, {"model": "core.activitylog", "pk": 58, "fields": {"user": 1, "action": "create", "object_type": "FabricRoll", "object_id": 6, "description": "Создан рулон 1032895 складовщиком", "timestamp": "2025-07-26T14:31:46.975Z"}}, {"model": "core.activitylog", "pk": 59, "fields": {"user": 1, "action": "create", "object_type": "FabricRoll", "object_id": 7, "description": "Создан рулон 9617717 складовщиком", "timestamp": "2025-07-26T14:32:10.638Z"}}, {"model": "core.activitylog", "pk": 60, "fields": {"user": 1, "action": "update", "object_type": "FabricRoll", "object_id": 7, "description": "Рулон 9617717 списан через сканирование", "timestamp": "2025-07-26T14:33:41.591Z"}}, {"model": "core.activitylog", "pk": 61, "fields": {"user": 1, "action": "update", "object_type": "FabricRoll", "object_id": 5, "description": "Рулон 6466234 списан через сканирование", "timestamp": "2025-07-26T14:37:12.323Z"}}, {"model": "core.activitylog", "pk": 62, "fields": {"user": 3, "action": "create", "object_type": "FabricRoll", "object_id": 8, "description": "Создан рулон 2135954 складовщиком", "timestamp": "2025-07-26T14:41:03.382Z"}}, {"model": "core.activitylog", "pk": 63, "fields": {"user": 2, "action": "create", "object_type": "Deal", "object_id": 4, "description": "Создана сделка: ORD-20250726-0004", "timestamp": "2025-07-26T14:48:44.268Z"}}, {"model": "core.activitylog", "pk": 64, "fields": {"user": 1, "action": "update", "object_type": "Deal", "object_id": 4, "description": "Изменен статус сделки ORD-20250726-0004: Создан → Ожидание оплаты", "timestamp": "2025-07-28T15:30:22.045Z"}}, {"model": "core.activitylog", "pk": 65, "fields": {"user": 1, "action": "update", "object_type": "Deal", "object_id": 4, "description": "Изменен статус сделки ORD-20250726-0004: Создан → Ожидание оплаты", "timestamp": "2025-07-28T15:30:22.053Z"}}, {"model": "core.activitylog", "pk": 66, "fields": {"user": 1, "action": "create", "object_type": "DealItem", "object_id": 7, "description": "Добавлена позиция в сделку ORD-20250726-0004: 2132 (1)", "timestamp": "2025-07-28T15:30:33.741Z"}}, {"model": "core.activitylog", "pk": 67, "fields": {"user": 1, "action": "create", "object_type": "DealItem", "object_id": 8, "description": "Добавлена позиция в сделку ORD-20250726-0004: Двухсторонний блэкаут (Китайский) (101)", "timestamp": "2025-07-28T19:51:35.080Z"}}, {"model": "core.activitylog", "pk": 68, "fields": {"user": 1, "action": "update", "object_type": "Deal", "object_id": 4, "description": "Изменен статус сделки ORD-20250726-0004: Ожидание оплаты → Оплачен", "timestamp": "2025-07-28T20:55:10.712Z"}}, {"model": "core.activitylog", "pk": 69, "fields": {"user": 1, "action": "update", "object_type": "Deal", "object_id": 4, "description": "Изменен статус сделки ORD-20250726-0004: Ожидание оплаты → Оплачен", "timestamp": "2025-07-28T20:55:10.719Z"}}, {"model": "core.activitylog", "pk": 70, "fields": {"user": 2, "action": "create", "object_type": "DealItem", "object_id": 9, "description": "Добавлена позиция в сделку ORD-20250726-0003: 2132 (1)", "timestamp": "2025-07-28T21:05:44.184Z"}}, {"model": "core.activitylog", "pk": 71, "fields": {"user": 2, "action": "update", "object_type": "DealItem", "object_id": 9, "description": "Отредактирована позиция в сделке ORD-20250726-0003: 2132 (1)", "timestamp": "2025-07-28T21:05:59.687Z"}}, {"model": "core.activitylog", "pk": 72, "fields": {"user": 2, "action": "update", "object_type": "DealItem", "object_id": 9, "description": "Отредактирована позиция в сделке ORD-20250726-0003: 2132 (1)", "timestamp": "2025-07-28T21:05:59.701Z"}}, {"model": "core.activitylog", "pk": 73, "fields": {"user": 2, "action": "update", "object_type": "DealItem", "object_id": 9, "description": "Отредактирована позиция в сделке ORD-20250726-0003: 2132 (1)", "timestamp": "2025-07-28T21:05:59.714Z"}}, {"model": "core.activitylog", "pk": 74, "fields": {"user": 2, "action": "update", "object_type": "Deal", "object_id": 3, "description": "Изменен статус сделки ORD-20250726-0003: Создан → Ожидание оплаты", "timestamp": "2025-07-28T21:06:01.860Z"}}, {"model": "core.activitylog", "pk": 75, "fields": {"user": 2, "action": "update", "object_type": "Deal", "object_id": 3, "description": "Изменен статус сделки ORD-20250726-0003: Ожидание оплаты → Ожидание оплаты", "timestamp": "2025-07-28T21:06:01.867Z"}}, {"model": "core.activitylog", "pk": 76, "fields": {"user": 3, "action": "create", "object_type": "Fabric", "object_id": 3, "description": "Создана ткань: 2178", "timestamp": "2025-07-29T11:00:49.705Z"}}, {"model": "core.activitylog", "pk": 77, "fields": {"user": 1, "action": "create", "object_type": "FabricRoll", "object_id": 9, "description": "Создан рулон 4946231 складовщиком", "timestamp": "2025-07-29T12:25:29.028Z"}}, {"model": "core.activitylog", "pk": 78, "fields": {"user": 1, "action": "create", "object_type": "FabricRoll", "object_id": 10, "description": "Создан рулон 2991985 складовщиком", "timestamp": "2025-07-29T12:37:59.104Z"}}, {"model": "core.activitylog", "pk": 79, "fields": {"user": 1, "action": "create", "object_type": "FabricRoll", "object_id": 11, "description": "Создан рулон 3210777 складовщиком", "timestamp": "2025-07-29T12:38:08.354Z"}}, {"model": "core.activitylog", "pk": 80, "fields": {"user": 1, "action": "create", "object_type": "FabricRoll", "object_id": 12, "description": "Создан рулон 3417477 складовщиком", "timestamp": "2025-07-29T12:38:17.706Z"}}, {"model": "core.activitylog", "pk": 81, "fields": {"user": 1, "action": "create", "object_type": "Fabric", "object_id": 4, "description": "Создана ткань: тест", "timestamp": "2025-07-29T12:41:28.732Z"}}, {"model": "core.activitylog", "pk": 82, "fields": {"user": 1, "action": "delete", "object_type": "Fabric", "object_id": 4, "description": "Удалена ткань: тест (цветов: 0, рулонов: 0, сделок: 0)", "timestamp": "2025-07-29T12:41:35.062Z"}}, {"model": "core.activitylog", "pk": 83, "fields": {"user": 1, "action": "create", "object_type": "FabricColor", "object_id": 24, "description": "Создан цвет: 2 (106) для ткани 2178", "timestamp": "2025-07-29T12:41:48.530Z"}}, {"model": "core.activitylog", "pk": 84, "fields": {"user": 1, "action": "create", "object_type": "FabricColor", "object_id": 25, "description": "Создан цвет: 3 (621) для ткани 2178", "timestamp": "2025-07-29T12:41:53.871Z"}}, {"model": "core.activitylog", "pk": 85, "fields": {"user": 1, "action": "create", "object_type": "FabricColor", "object_id": 26, "description": "Создан цвет: 4 (500) для ткани 2178", "timestamp": "2025-07-29T12:41:57.829Z"}}, {"model": "core.activitylog", "pk": 86, "fields": {"user": 1, "action": "create", "object_type": "FabricRoll", "object_id": 13, "description": "Создан рулон 7734011 складовщиком", "timestamp": "2025-07-29T12:43:25.682Z"}}, {"model": "core.activitylog", "pk": 87, "fields": {"user": 1, "action": "create", "object_type": "FabricRoll", "object_id": 14, "description": "Создан рулон 0601563 складовщиком", "timestamp": "2025-07-29T12:43:50.984Z"}}, {"model": "core.activitylog", "pk": 88, "fields": {"user": 1, "action": "create", "object_type": "Fabric", "object_id": 5, "description": "Создана ткань: тест", "timestamp": "2025-07-29T12:52:28.744Z"}}, {"model": "core.activitylog", "pk": 89, "fields": {"user": 1, "action": "delete", "object_type": "Fabric", "object_id": 5, "description": "Удалена ткань: тест (цветов: 0, рулонов: 0, сделок: 0)", "timestamp": "2025-07-29T12:52:33.500Z"}}, {"model": "core.activitylog", "pk": 90, "fields": {"user": 3, "action": "delete", "object_type": "FabricRoll", "object_id": 14, "description": "Рулон 0601563 удален безвозвратно складовщиком", "timestamp": "2025-07-29T13:01:12.217Z"}}, {"model": "core.activitylog", "pk": 91, "fields": {"user": 3, "action": "delete", "object_type": "FabricRoll", "object_id": 13, "description": "Рулон 7734011 удален безвозвратно складовщиком", "timestamp": "2025-07-29T13:01:18.903Z"}}, {"model": "core.activitylog", "pk": 92, "fields": {"user": 3, "action": "delete", "object_type": "FabricRoll", "object_id": 12, "description": "Рулон 3417477 удален безвозвратно складовщиком", "timestamp": "2025-07-29T13:01:24.286Z"}}, {"model": "core.activitylog", "pk": 93, "fields": {"user": 3, "action": "delete", "object_type": "FabricRoll", "object_id": 11, "description": "Рулон 3210777 удален безвозвратно складовщиком", "timestamp": "2025-07-29T13:01:30.749Z"}}, {"model": "core.activitylog", "pk": 94, "fields": {"user": 2, "action": "create", "object_type": "Client", "object_id": 3, "description": "Создан клиент: Перезат", "timestamp": "2025-07-29T13:03:25.487Z"}}, {"model": "core.activitylog", "pk": 95, "fields": {"user": 2, "action": "create", "object_type": "Deal", "object_id": 5, "description": "Создана сделка: ORD-20250729-0001", "timestamp": "2025-07-29T13:03:33.249Z"}}, {"model": "core.activitylog", "pk": 96, "fields": {"user": 2, "action": "create", "object_type": "Fabric", "object_id": 6, "description": "Создана ткань: Французский", "timestamp": "2025-07-29T13:04:03.493Z"}}, {"model": "core.activitylog", "pk": 97, "fields": {"user": 2, "action": "create", "object_type": "FabricColor", "object_id": 27, "description": "Создан цвет: 1 (895) для ткани Французский", "timestamp": "2025-07-29T13:04:12.745Z"}}, {"model": "core.activitylog", "pk": 98, "fields": {"user": 2, "action": "create", "object_type": "Fabric", "object_id": 7, "description": "Создана ткань: 863", "timestamp": "2025-07-29T13:04:26.428Z"}}, {"model": "core.activitylog", "pk": 99, "fields": {"user": 2, "action": "create", "object_type": "FabricColor", "object_id": 28, "description": "Создан цвет: 13 (274) для ткани 863", "timestamp": "2025-07-29T13:04:51.883Z"}}, {"model": "core.activitylog", "pk": 100, "fields": {"user": 2, "action": "create", "object_type": "FabricColor", "object_id": 29, "description": "Создан цвет: 13 (500) для ткани 863", "timestamp": "2025-07-29T13:04:54.631Z"}}, {"model": "core.activitylog", "pk": 101, "fields": {"user": 2, "action": "create", "object_type": "Fabric", "object_id": 8, "description": "Создана ткань: Лента Хб", "timestamp": "2025-07-29T13:05:09.910Z"}}, {"model": "core.activitylog", "pk": 102, "fields": {"user": 2, "action": "update", "object_type": "Fabric", "object_id": 8, "description": "Отредактирована ткань: Лента", "timestamp": "2025-07-29T13:05:16.029Z"}}, {"model": "core.activitylog", "pk": 103, "fields": {"user": 2, "action": "create", "object_type": "FabricColor", "object_id": 30, "description": "Создан цвет: Хб (660) для ткани Лента", "timestamp": "2025-07-29T13:05:24.340Z"}}, {"model": "core.activitylog", "pk": 104, "fields": {"user": 2, "action": "create", "object_type": "DealItem", "object_id": 10, "description": "Добавлена позиция в сделку ORD-20250729-0001: Французский (1)", "timestamp": "2025-07-29T13:06:07.419Z"}}, {"model": "core.activitylog", "pk": 105, "fields": {"user": 2, "action": "create", "object_type": "DealItem", "object_id": 11, "description": "Добавлена позиция в сделку ORD-20250729-0001: 863 (13)", "timestamp": "2025-07-29T13:06:53.806Z"}}, {"model": "core.activitylog", "pk": 106, "fields": {"user": 2, "action": "create", "object_type": "DealItem", "object_id": 12, "description": "Добавлена позиция в сделку ORD-20250729-0001: Лента (Хб)", "timestamp": "2025-07-29T13:07:08.024Z"}}, {"model": "core.activitylog", "pk": 107, "fields": {"user": 2, "action": "update", "object_type": "Deal", "object_id": 5, "description": "Изменен статус сделки ORD-20250729-0001: Создан → Ожидание оплаты", "timestamp": "2025-07-29T13:07:16.958Z"}}, {"model": "core.activitylog", "pk": 108, "fields": {"user": 2, "action": "update", "object_type": "Deal", "object_id": 5, "description": "Изменен статус сделки ORD-20250729-0001: Создан → Ожидание оплаты", "timestamp": "2025-07-29T13:07:16.966Z"}}, {"model": "core.activitylog", "pk": 109, "fields": {"user": 2, "action": "delete", "object_type": "DealItem", "object_id": 12, "description": "Удалена позиция из сделки: ORD-20250729-0001", "timestamp": "2025-07-29T13:08:31.288Z"}}, {"model": "core.activitylog", "pk": 110, "fields": {"user": 2, "action": "create", "object_type": "DealItem", "object_id": 13, "description": "Добавлена позиция в сделку ORD-20250729-0001: Лента (Хб)", "timestamp": "2025-07-29T13:09:17.723Z"}}, {"model": "core.activitylog", "pk": 111, "fields": {"user": 2, "action": "delete", "object_type": "DealItem", "object_id": 11, "description": "Удалена позиция из сделки: ORD-20250729-0001", "timestamp": "2025-07-29T13:10:33.903Z"}}, {"model": "core.activitylog", "pk": 112, "fields": {"user": 2, "action": "create", "object_type": "DealItem", "object_id": 14, "description": "Добавлена позиция в сделку ORD-20250729-0001: 863 (13)", "timestamp": "2025-07-29T13:11:13.137Z"}}, {"model": "core.activitylog", "pk": 113, "fields": {"user": 2, "action": "update", "object_type": "DealItem", "object_id": 14, "description": "Отредактирована позиция в сделке ORD-20250729-0001: 863 (13)", "timestamp": "2025-07-29T13:12:12.606Z"}}, {"model": "core.activitylog", "pk": 114, "fields": {"user": 2, "action": "update", "object_type": "DealItem", "object_id": 14, "description": "Отредактирована позиция в сделке ORD-20250729-0001: 863 (13)", "timestamp": "2025-07-29T13:12:12.619Z"}}, {"model": "core.activitylog", "pk": 115, "fields": {"user": 2, "action": "update", "object_type": "DealItem", "object_id": 14, "description": "Отредактирована позиция в сделке ORD-20250729-0001: 863 (13)", "timestamp": "2025-07-29T13:12:12.641Z"}}, {"model": "core.activitylog", "pk": 116, "fields": {"user": 2, "action": "create", "object_type": "Fabric", "object_id": 9, "description": "Создана ткань: 6053", "timestamp": "2025-07-29T13:14:47.003Z"}}, {"model": "core.activitylog", "pk": 117, "fields": {"user": 2, "action": "create", "object_type": "FabricColor", "object_id": 31, "description": "Создан цвет: 1 (330) для ткани 6053", "timestamp": "2025-07-29T13:14:51.647Z"}}, {"model": "core.activitylog", "pk": 118, "fields": {"user": 2, "action": "create", "object_type": "Deal", "object_id": 6, "description": "Создана сделка: ORD-20250729-0002", "timestamp": "2025-07-29T13:15:22.600Z"}}, {"model": "core.activitylog", "pk": 119, "fields": {"user": 1, "action": "update", "object_type": "FabricColor", "object_id": 21, "description": "Отредактирован цвет: 1 (632) для ткани 2132", "timestamp": "2025-07-29T13:22:38.141Z"}}, {"model": "core.activitylog", "pk": 120, "fields": {"user": 1, "action": "delete", "object_type": "Fabric", "object_id": 2, "description": "Удалена ткань: 2132 (цветов: 4, рулонов: 0, сделок: 5)", "timestamp": "2025-07-29T13:22:53.481Z"}}, {"model": "core.activitylog", "pk": 121, "fields": {"user": 3, "action": "delete", "object_type": "FabricRoll", "object_id": 10, "description": "Рулон 2991985 удален безвозвратно складовщиком", "timestamp": "2025-07-29T13:27:17.086Z"}}, {"model": "core.activitylog", "pk": 122, "fields": {"user": 3, "action": "delete", "object_type": "FabricRoll", "object_id": 9, "description": "Рулон 4946231 удален безвозвратно складовщиком", "timestamp": "2025-07-29T13:27:23.091Z"}}, {"model": "core.activitylog", "pk": 123, "fields": {"user": 3, "action": "delete", "object_type": "FabricRoll", "object_id": 8, "description": "Рулон 2135954 удален безвозвратно складовщиком", "timestamp": "2025-07-29T13:27:28.106Z"}}, {"model": "core.activitylog", "pk": 124, "fields": {"user": 3, "action": "delete", "object_type": "FabricRoll", "object_id": 6, "description": "Рулон 1032895 удален безвозвратно складовщиком", "timestamp": "2025-07-29T13:27:33.786Z"}}, {"model": "core.activitylog", "pk": 125, "fields": {"user": 3, "action": "delete", "object_type": "FabricRoll", "object_id": 4, "description": "Рулон 0435353 удален безвозвратно складовщиком", "timestamp": "2025-07-29T13:27:40.618Z"}}, {"model": "core.activitylog", "pk": 126, "fields": {"user": 3, "action": "delete", "object_type": "FabricRoll", "object_id": 3, "description": "Рулон 7367125 удален безвозвратно складовщиком", "timestamp": "2025-07-29T13:27:44.790Z"}}, {"model": "core.activitylog", "pk": 127, "fields": {"user": 3, "action": "delete", "object_type": "FabricRoll", "object_id": 1, "description": "Рулон 2759914 удален безвозвратно складовщиком", "timestamp": "2025-07-29T13:27:49.668Z"}}, {"model": "core.activitylog", "pk": 128, "fields": {"user": 3, "action": "create", "object_type": "FabricRoll", "object_id": 15, "description": "Создан рулон 2222276 складовщиком", "timestamp": "2025-07-29T13:29:03.754Z"}}, {"model": "core.activitylog", "pk": 129, "fields": {"user": 3, "action": "create", "object_type": "FabricRoll", "object_id": 16, "description": "Создан рулон 7539311 складовщиком", "timestamp": "2025-07-29T13:31:02.622Z"}}, {"model": "core.activitylog", "pk": 130, "fields": {"user": 3, "action": "create", "object_type": "FabricRoll", "object_id": 17, "description": "Создан рулон 0503432 складовщиком", "timestamp": "2025-07-29T13:31:05.251Z"}}, {"model": "core.activitylog", "pk": 131, "fields": {"user": 3, "action": "create", "object_type": "FabricRoll", "object_id": 18, "description": "Создан рулон 6490107 складовщиком", "timestamp": "2025-07-29T13:32:16.303Z"}}, {"model": "core.activitylog", "pk": 132, "fields": {"user": 3, "action": "create", "object_type": "FabricRoll", "object_id": 19, "description": "Создан рулон 8032677 складовщиком", "timestamp": "2025-07-29T13:33:38.021Z"}}, {"model": "core.activitylog", "pk": 133, "fields": {"user": 3, "action": "create", "object_type": "FabricRoll", "object_id": 20, "description": "Создан рулон 3055000 складовщиком", "timestamp": "2025-07-29T13:34:35.763Z"}}, {"model": "core.activitylog", "pk": 134, "fields": {"user": 3, "action": "create", "object_type": "FabricRoll", "object_id": 21, "description": "Создан рулон 5099136 складовщиком", "timestamp": "2025-07-29T13:35:32.252Z"}}, {"model": "core.activitylog", "pk": 135, "fields": {"user": 3, "action": "create", "object_type": "FabricRoll", "object_id": 22, "description": "Создан рулон 6473470 складовщиком", "timestamp": "2025-07-29T13:36:33.900Z"}}, {"model": "core.activitylog", "pk": 136, "fields": {"user": 3, "action": "create", "object_type": "FabricRoll", "object_id": 23, "description": "Создан рулон 2120354 складовщиком", "timestamp": "2025-07-29T13:37:17.683Z"}}, {"model": "core.activitylog", "pk": 137, "fields": {"user": 3, "action": "create", "object_type": "FabricRoll", "object_id": 24, "description": "Создан рулон 7623304 складовщиком", "timestamp": "2025-07-29T13:38:22.114Z"}}, {"model": "core.activitylog", "pk": 138, "fields": {"user": 3, "action": "create", "object_type": "FabricRoll", "object_id": 25, "description": "Создан рулон 1553545 складовщиком", "timestamp": "2025-07-29T13:38:54.227Z"}}, {"model": "core.activitylog", "pk": 139, "fields": {"user": 3, "action": "create", "object_type": "FabricRoll", "object_id": 26, "description": "Создан рулон 4542460 складовщиком", "timestamp": "2025-07-29T13:39:36.563Z"}}, {"model": "core.activitylog", "pk": 140, "fields": {"user": 3, "action": "create", "object_type": "FabricRoll", "object_id": 27, "description": "Создан рулон 8016061 складовщиком", "timestamp": "2025-07-29T13:44:41.554Z"}}, {"model": "core.activitylog", "pk": 141, "fields": {"user": 3, "action": "create", "object_type": "FabricRoll", "object_id": 28, "description": "Создан рулон 8114443 складовщиком", "timestamp": "2025-07-29T13:45:54.107Z"}}, {"model": "core.activitylog", "pk": 142, "fields": {"user": 3, "action": "create", "object_type": "FabricRoll", "object_id": 29, "description": "Создан рулон 5699399 складовщиком", "timestamp": "2025-07-29T13:46:33.880Z"}}, {"model": "core.activitylog", "pk": 143, "fields": {"user": 3, "action": "create", "object_type": "FabricRoll", "object_id": 30, "description": "Создан рулон 1286341 складовщиком", "timestamp": "2025-07-29T13:47:16.403Z"}}, {"model": "core.activitylog", "pk": 144, "fields": {"user": 3, "action": "create", "object_type": "FabricRoll", "object_id": 31, "description": "Создан рулон 1856497 складовщиком", "timestamp": "2025-07-29T13:48:32.948Z"}}, {"model": "core.activitylog", "pk": 145, "fields": {"user": 3, "action": "create", "object_type": "FabricRoll", "object_id": 32, "description": "Создан рулон 9281786 складовщиком", "timestamp": "2025-07-29T13:49:21.470Z"}}, {"model": "core.activitylog", "pk": 146, "fields": {"user": 3, "action": "create", "object_type": "FabricRoll", "object_id": 33, "description": "Создан рулон 2523121 складовщиком", "timestamp": "2025-07-29T13:49:53.052Z"}}, {"model": "core.activitylog", "pk": 147, "fields": {"user": 3, "action": "create", "object_type": "FabricRoll", "object_id": 34, "description": "Создан рулон 7528518 складовщиком", "timestamp": "2025-07-29T13:50:30.180Z"}}, {"model": "core.activitylog", "pk": 148, "fields": {"user": 3, "action": "create", "object_type": "FabricRoll", "object_id": 35, "description": "Создан рулон 3567961 складовщиком", "timestamp": "2025-07-29T13:51:12.323Z"}}, {"model": "core.activitylog", "pk": 149, "fields": {"user": 3, "action": "create", "object_type": "FabricRoll", "object_id": 36, "description": "Создан рулон 6170050 складовщиком", "timestamp": "2025-07-29T13:51:43.517Z"}}, {"model": "core.activitylog", "pk": 150, "fields": {"user": 3, "action": "create", "object_type": "FabricRoll", "object_id": 37, "description": "Создан рулон 6566140 складовщиком", "timestamp": "2025-07-29T13:52:20.411Z"}}, {"model": "core.activitylog", "pk": 151, "fields": {"user": 3, "action": "create", "object_type": "FabricRoll", "object_id": 38, "description": "Создан рулон 5256248 складовщиком", "timestamp": "2025-07-29T13:52:55.364Z"}}, {"model": "core.activitylog", "pk": 152, "fields": {"user": 3, "action": "create", "object_type": "FabricRoll", "object_id": 39, "description": "Создан рулон 3981666 складовщиком", "timestamp": "2025-07-29T13:53:31.815Z"}}, {"model": "core.activitylog", "pk": 153, "fields": {"user": 3, "action": "create", "object_type": "FabricRoll", "object_id": 40, "description": "Создан рулон 2819819 складовщиком", "timestamp": "2025-07-29T13:55:30.551Z"}}, {"model": "core.activitylog", "pk": 154, "fields": {"user": 3, "action": "create", "object_type": "FabricRoll", "object_id": 41, "description": "Создан рулон 9823347 складовщиком", "timestamp": "2025-07-29T13:55:59.003Z"}}, {"model": "core.activitylog", "pk": 155, "fields": {"user": 3, "action": "create", "object_type": "FabricRoll", "object_id": 42, "description": "Создан рулон 7728815 складовщиком", "timestamp": "2025-07-29T13:56:44.045Z"}}, {"model": "core.activitylog", "pk": 156, "fields": {"user": 3, "action": "create", "object_type": "FabricRoll", "object_id": 43, "description": "Создан рулон 9542623 складовщиком", "timestamp": "2025-07-29T13:57:16.754Z"}}, {"model": "core.activitylog", "pk": 157, "fields": {"user": 3, "action": "create", "object_type": "FabricRoll", "object_id": 44, "description": "Создан рулон 4237758 складовщиком", "timestamp": "2025-07-29T13:57:50.312Z"}}, {"model": "core.activitylog", "pk": 158, "fields": {"user": 3, "action": "create", "object_type": "FabricRoll", "object_id": 45, "description": "Создан рулон 6906997 складовщиком", "timestamp": "2025-07-29T13:58:19.337Z"}}, {"model": "core.activitylog", "pk": 159, "fields": {"user": 3, "action": "create", "object_type": "FabricRoll", "object_id": 46, "description": "Создан рулон 6623606 складовщиком", "timestamp": "2025-07-29T13:58:52.104Z"}}, {"model": "core.activitylog", "pk": 160, "fields": {"user": 3, "action": "create", "object_type": "FabricRoll", "object_id": 47, "description": "Создан рулон 3392270 складовщиком", "timestamp": "2025-07-29T13:59:20.785Z"}}, {"model": "core.activitylog", "pk": 161, "fields": {"user": 3, "action": "create", "object_type": "FabricRoll", "object_id": 48, "description": "Создан рулон 7656832 складовщиком", "timestamp": "2025-07-29T13:59:50.846Z"}}, {"model": "core.activitylog", "pk": 162, "fields": {"user": 3, "action": "create", "object_type": "FabricRoll", "object_id": 49, "description": "Создан рулон 2085579 складовщиком", "timestamp": "2025-07-29T14:00:29.394Z"}}, {"model": "core.activitylog", "pk": 163, "fields": {"user": 3, "action": "create", "object_type": "FabricRoll", "object_id": 50, "description": "Создан рулон 8838016 складовщиком", "timestamp": "2025-07-29T14:01:26.895Z"}}, {"model": "core.activitylog", "pk": 164, "fields": {"user": 1, "action": "update", "object_type": "Fabric", "object_id": 1, "description": "Отредактирована ткань: Двухсторонний блэкаут (Китайский)", "timestamp": "2025-07-29T14:02:32.831Z"}}, {"model": "core.activitylog", "pk": 165, "fields": {"user": 1, "action": "update", "object_type": "Fabric", "object_id": 1, "description": "Отредактирована ткань: Двухсторонний блэкаут (Китайский)", "timestamp": "2025-07-29T14:02:33.049Z"}}, {"model": "core.activitylog", "pk": 166, "fields": {"user": 1, "action": "update", "object_type": "Fabric", "object_id": 1, "description": "Отредактирована ткань: Двухсторонний блэкаут (Китайский)", "timestamp": "2025-07-29T14:02:33.194Z"}}, {"model": "core.activitylog", "pk": 167, "fields": {"user": 1, "action": "update", "object_type": "Fabric", "object_id": 1, "description": "Отредактирована ткань: Двухсторонний блэкаут (Китайский)", "timestamp": "2025-07-29T14:02:46.287Z"}}, {"model": "core.activitylog", "pk": 168, "fields": {"user": 3, "action": "create", "object_type": "FabricRoll", "object_id": 51, "description": "Создан рулон 1737569 складовщиком", "timestamp": "2025-07-29T14:04:27.722Z"}}, {"model": "core.activitylog", "pk": 169, "fields": {"user": 3, "action": "create", "object_type": "FabricRoll", "object_id": 52, "description": "Создан рулон 7597314 складовщиком", "timestamp": "2025-07-29T14:05:14.569Z"}}, {"model": "core.activitylog", "pk": 170, "fields": {"user": 3, "action": "create", "object_type": "FabricRoll", "object_id": 53, "description": "Создан рулон 6151331 складовщиком", "timestamp": "2025-07-29T14:06:21.582Z"}}, {"model": "core.activitylog", "pk": 171, "fields": {"user": 3, "action": "create", "object_type": "FabricRoll", "object_id": 54, "description": "Создан рулон 4675013 складовщиком", "timestamp": "2025-07-29T14:08:30.182Z"}}, {"model": "core.activitylog", "pk": 172, "fields": {"user": 3, "action": "create", "object_type": "FabricRoll", "object_id": 55, "description": "Создан рулон 3867404 складовщиком", "timestamp": "2025-07-29T14:09:15.262Z"}}, {"model": "core.activitylog", "pk": 173, "fields": {"user": 3, "action": "create", "object_type": "FabricRoll", "object_id": 56, "description": "Создан рулон 2860821 складовщиком", "timestamp": "2025-07-29T14:09:56.670Z"}}, {"model": "core.activitylog", "pk": 174, "fields": {"user": 3, "action": "create", "object_type": "FabricRoll", "object_id": 57, "description": "Создан рулон 2835090 складовщиком", "timestamp": "2025-07-29T14:10:42.632Z"}}, {"model": "core.activitylog", "pk": 175, "fields": {"user": 3, "action": "create", "object_type": "FabricRoll", "object_id": 58, "description": "Создан рулон 5305264 складовщиком", "timestamp": "2025-07-29T14:10:45.698Z"}}, {"model": "core.activitylog", "pk": 176, "fields": {"user": 3, "action": "create", "object_type": "FabricRoll", "object_id": 59, "description": "Создан рулон 2756089 складовщиком", "timestamp": "2025-07-29T14:11:17.470Z"}}, {"model": "core.activitylog", "pk": 177, "fields": {"user": 3, "action": "create", "object_type": "FabricRoll", "object_id": 60, "description": "Создан рулон 9636844 складовщиком", "timestamp": "2025-07-29T14:11:44.662Z"}}, {"model": "core.activitylog", "pk": 178, "fields": {"user": 3, "action": "delete", "object_type": "FabricRoll", "object_id": 60, "description": "Рулон 9636844 удален безвозвратно складовщиком", "timestamp": "2025-07-29T14:13:14.155Z"}}, {"model": "core.activitylog", "pk": 179, "fields": {"user": 3, "action": "create", "object_type": "FabricRoll", "object_id": 61, "description": "Создан рулон 7024617 складовщиком", "timestamp": "2025-07-29T14:13:35.240Z"}}, {"model": "core.activitylog", "pk": 180, "fields": {"user": 3, "action": "create", "object_type": "FabricRoll", "object_id": 62, "description": "Создан рулон 0700678 складовщиком", "timestamp": "2025-07-29T14:14:05.163Z"}}, {"model": "core.activitylog", "pk": 181, "fields": {"user": 3, "action": "create", "object_type": "FabricRoll", "object_id": 63, "description": "Создан рулон 0826439 складовщиком", "timestamp": "2025-07-29T14:14:45.818Z"}}, {"model": "core.activitylog", "pk": 182, "fields": {"user": 3, "action": "create", "object_type": "FabricRoll", "object_id": 64, "description": "Создан рулон 5021764 складовщиком", "timestamp": "2025-07-29T14:16:12.257Z"}}, {"model": "core.activitylog", "pk": 183, "fields": {"user": 3, "action": "create", "object_type": "FabricRoll", "object_id": 65, "description": "Создан рулон 9947736 складовщиком", "timestamp": "2025-07-29T14:16:49.862Z"}}, {"model": "core.activitylog", "pk": 184, "fields": {"user": 3, "action": "create", "object_type": "FabricRoll", "object_id": 66, "description": "Создан рулон 0554486 складовщиком", "timestamp": "2025-07-29T14:18:15.530Z"}}, {"model": "core.activitylog", "pk": 185, "fields": {"user": 3, "action": "create", "object_type": "FabricRoll", "object_id": 67, "description": "Создан рулон 5546912 складовщиком", "timestamp": "2025-07-29T14:18:48.560Z"}}, {"model": "core.activitylog", "pk": 186, "fields": {"user": 3, "action": "create", "object_type": "FabricRoll", "object_id": 68, "description": "Создан рулон 3326983 складовщиком", "timestamp": "2025-07-29T14:18:48.947Z"}}, {"model": "core.activitylog", "pk": 187, "fields": {"user": 3, "action": "create", "object_type": "FabricRoll", "object_id": 69, "description": "Создан рулон 5229875 складовщиком", "timestamp": "2025-07-29T14:20:26.270Z"}}, {"model": "core.activitylog", "pk": 188, "fields": {"user": 3, "action": "create", "object_type": "FabricRoll", "object_id": 70, "description": "Создан рулон 8630821 складовщиком", "timestamp": "2025-07-29T14:20:28.943Z"}}, {"model": "core.activitylog", "pk": 189, "fields": {"user": 3, "action": "create", "object_type": "FabricRoll", "object_id": 71, "description": "Создан рулон 7741474 складовщиком", "timestamp": "2025-07-29T14:23:05.912Z"}}, {"model": "core.activitylog", "pk": 190, "fields": {"user": 3, "action": "create", "object_type": "FabricRoll", "object_id": 72, "description": "Создан рулон 8240131 складовщиком", "timestamp": "2025-07-29T14:23:51.395Z"}}, {"model": "core.activitylog", "pk": 191, "fields": {"user": 3, "action": "create", "object_type": "FabricRoll", "object_id": 73, "description": "Создан рулон 5289833 складовщиком", "timestamp": "2025-07-29T14:24:27.911Z"}}, {"model": "core.activitylog", "pk": 192, "fields": {"user": 3, "action": "create", "object_type": "FabricRoll", "object_id": 74, "description": "Создан рулон 8729735 складовщиком", "timestamp": "2025-07-29T14:25:03.618Z"}}, {"model": "core.activitylog", "pk": 193, "fields": {"user": 3, "action": "create", "object_type": "FabricRoll", "object_id": 75, "description": "Создан рулон 4659744 складовщиком", "timestamp": "2025-07-29T14:25:43.833Z"}}, {"model": "core.activitylog", "pk": 194, "fields": {"user": 3, "action": "create", "object_type": "FabricRoll", "object_id": 76, "description": "Создан рулон 7720614 складовщиком", "timestamp": "2025-07-29T14:26:28.391Z"}}, {"model": "core.activitylog", "pk": 195, "fields": {"user": 3, "action": "create", "object_type": "FabricRoll", "object_id": 77, "description": "Создан рулон 6667977 складовщиком", "timestamp": "2025-07-29T14:27:09.506Z"}}, {"model": "core.activitylog", "pk": 196, "fields": {"user": 3, "action": "create", "object_type": "FabricRoll", "object_id": 78, "description": "Создан рулон 0316689 складовщиком", "timestamp": "2025-07-29T14:27:42.987Z"}}, {"model": "core.activitylog", "pk": 197, "fields": {"user": 3, "action": "create", "object_type": "FabricRoll", "object_id": 79, "description": "Создан рулон 0063584 складовщиком", "timestamp": "2025-07-29T14:28:17.735Z"}}, {"model": "core.activitylog", "pk": 198, "fields": {"user": 1, "action": "create", "object_type": "Fabric", "object_id": 10, "description": "Создана ткань: Питек Китай", "timestamp": "2025-07-29T14:28:21.935Z"}}, {"model": "core.activitylog", "pk": 199, "fields": {"user": 3, "action": "create", "object_type": "FabricRoll", "object_id": 80, "description": "Создан рулон 6713780 складовщиком", "timestamp": "2025-07-29T14:28:55.016Z"}}, {"model": "core.activitylog", "pk": 200, "fields": {"user": 3, "action": "create", "object_type": "FabricRoll", "object_id": 81, "description": "Создан рулон 7856113 складовщиком", "timestamp": "2025-07-29T14:29:53.381Z"}}, {"model": "core.activitylog", "pk": 201, "fields": {"user": 3, "action": "create", "object_type": "FabricRoll", "object_id": 82, "description": "Создан рулон 0344050 складовщиком", "timestamp": "2025-07-29T14:30:28.618Z"}}, {"model": "core.activitylog", "pk": 202, "fields": {"user": 3, "action": "create", "object_type": "FabricRoll", "object_id": 83, "description": "Создан рулон 8341325 складовщиком", "timestamp": "2025-07-29T14:31:11.340Z"}}, {"model": "core.activitylog", "pk": 203, "fields": {"user": 3, "action": "create", "object_type": "FabricRoll", "object_id": 84, "description": "Создан рулон 7775426 складовщиком", "timestamp": "2025-07-29T14:31:59.871Z"}}, {"model": "core.activitylog", "pk": 204, "fields": {"user": 3, "action": "create", "object_type": "FabricRoll", "object_id": 85, "description": "Создан рулон 3173345 складовщиком", "timestamp": "2025-07-29T14:32:31.878Z"}}, {"model": "core.activitylog", "pk": 205, "fields": {"user": 3, "action": "create", "object_type": "FabricRoll", "object_id": 86, "description": "Создан рулон 3940433 складовщиком", "timestamp": "2025-07-29T14:33:09.524Z"}}, {"model": "core.activitylog", "pk": 206, "fields": {"user": 3, "action": "delete", "object_type": "FabricRoll", "object_id": 86, "description": "Рулон 3940433 удален безвозвратно складовщиком", "timestamp": "2025-07-29T14:33:57.514Z"}}, {"model": "core.activitylog", "pk": 207, "fields": {"user": 3, "action": "create", "object_type": "FabricRoll", "object_id": 87, "description": "Создан рулон 0335116 складовщиком", "timestamp": "2025-07-29T14:34:32.084Z"}}, {"model": "core.activitylog", "pk": 208, "fields": {"user": 3, "action": "create", "object_type": "FabricRoll", "object_id": 88, "description": "Создан рулон 0312152 складовщиком", "timestamp": "2025-07-29T14:35:15.779Z"}}, {"model": "core.activitylog", "pk": 209, "fields": {"user": 3, "action": "create", "object_type": "FabricRoll", "object_id": 89, "description": "Создан рулон 7279955 складовщиком", "timestamp": "2025-07-29T14:35:46.314Z"}}, {"model": "core.activitylog", "pk": 210, "fields": {"user": 3, "action": "create", "object_type": "FabricRoll", "object_id": 90, "description": "Создан рулон 5518777 складовщиком", "timestamp": "2025-07-29T14:37:42.109Z"}}, {"model": "core.activitylog", "pk": 211, "fields": {"user": 3, "action": "create", "object_type": "FabricRoll", "object_id": 91, "description": "Создан рулон 4108701 складовщиком", "timestamp": "2025-07-29T14:38:12.612Z"}}, {"model": "core.activitylog", "pk": 212, "fields": {"user": 1, "action": "create", "object_type": "Deal", "object_id": 7, "description": "Создана сделка: ORD-20250729-0003", "timestamp": "2025-07-29T14:41:39.925Z"}}, {"model": "core.activitylog", "pk": 213, "fields": {"user": 2, "action": "create", "object_type": "DealItem", "object_id": 15, "description": "Добавлена позиция в сделку ORD-20250729-0003: Двухсторонний блэкаут (Китайский) (102)", "timestamp": "2025-07-29T14:43:06.751Z"}}, {"model": "core.activitylog", "pk": 214, "fields": {"user": 2, "action": "create", "object_type": "DealItem", "object_id": 16, "description": "Добавлена позиция в сделку ORD-20250729-0003: Двухсторонний блэкаут (Китайский) (101)", "timestamp": "2025-07-29T14:43:26.887Z"}}, {"model": "core.activitylog", "pk": 215, "fields": {"user": 2, "action": "update", "object_type": "Deal", "object_id": 7, "description": "Изменен статус сделки ORD-20250729-0003: Создан → Ожидание оплаты", "timestamp": "2025-07-29T14:43:39.784Z"}}, {"model": "core.activitylog", "pk": 216, "fields": {"user": 2, "action": "update", "object_type": "Deal", "object_id": 7, "description": "Изменен статус сделки ORD-20250729-0003: Создан → Ожидание оплаты", "timestamp": "2025-07-29T14:43:39.792Z"}}, {"model": "core.activitylog", "pk": 217, "fields": {"user": 2, "action": "create", "object_type": "Deal", "object_id": 8, "description": "Создана сделка: ORD-20250729-0004", "timestamp": "2025-07-29T14:45:13.895Z"}}, {"model": "core.activitylog", "pk": 218, "fields": {"user": 2, "action": "create", "object_type": "Client", "object_id": 4, "description": "Создан клиент: Нарина", "timestamp": "2025-07-29T14:47:43.603Z"}}, {"model": "core.activitylog", "pk": 219, "fields": {"user": 2, "action": "create", "object_type": "Deal", "object_id": 9, "description": "Создана сделка: ORD-20250729-0005", "timestamp": "2025-07-29T14:47:56.774Z"}}, {"model": "core.activitylog", "pk": 220, "fields": {"user": 2, "action": "create", "object_type": "DealItem", "object_id": 17, "description": "Добавлена позиция в сделку ORD-20250729-0005: Двухсторонний блэкаут (Китайский) (105)", "timestamp": "2025-07-29T14:49:06.294Z"}}, {"model": "core.activitylog", "pk": 221, "fields": {"user": 2, "action": "create", "object_type": "DealItem", "object_id": 18, "description": "Добавлена позиция в сделку ORD-20250729-0005: Двухсторонний блэкаут (Китайский) (109)", "timestamp": "2025-07-29T14:49:25.476Z"}}, {"model": "core.activitylog", "pk": 222, "fields": {"user": 2, "action": "update", "object_type": "Deal", "object_id": 9, "description": "Изменен статус сделки ORD-20250729-0005: Создан → Оплачен", "timestamp": "2025-07-29T14:49:31.705Z"}}, {"model": "core.activitylog", "pk": 223, "fields": {"user": 2, "action": "update", "object_type": "Deal", "object_id": 9, "description": "Изменен статус сделки ORD-20250729-0005: Создан → Оплачен", "timestamp": "2025-07-29T14:49:31.714Z"}}, {"model": "core.activitylog", "pk": 224, "fields": {"user": 2, "action": "delete", "object_type": "DealItem", "object_id": 18, "description": "Удалена позиция из сделки: ORD-20250729-0005", "timestamp": "2025-07-29T14:49:53.370Z"}}, {"model": "core.activitylog", "pk": 225, "fields": {"user": 2, "action": "create", "object_type": "Deal", "object_id": 10, "description": "Создана сделка: ORD-20250729-0006", "timestamp": "2025-07-29T14:50:06.572Z"}}, {"model": "core.activitylog", "pk": 226, "fields": {"user": 2, "action": "create", "object_type": "Deal", "object_id": 11, "description": "Создана сделка: ORD-20250729-0007", "timestamp": "2025-07-29T14:50:58.577Z"}}, {"model": "core.activitylog", "pk": 227, "fields": {"user": 2, "action": "create", "object_type": "Deal", "object_id": 12, "description": "Создана сделка: ORD-20250729-0008", "timestamp": "2025-07-29T14:52:07.893Z"}}, {"model": "core.activitylog", "pk": 228, "fields": {"user": 2, "action": "create", "object_type": "DealItem", "object_id": 19, "description": "Добавлена позиция в сделку ORD-20250729-0008: Двухсторонний блэкаут (Китайский) (108)", "timestamp": "2025-07-29T14:53:23.547Z"}}, {"model": "core.activitylog", "pk": 229, "fields": {"user": 2, "action": "create", "object_type": "DealItem", "object_id": 20, "description": "Добавлена позиция в сделку ORD-20250729-0008: Двухсторонний блэкаут (Китайский) (118)", "timestamp": "2025-07-29T14:53:44.333Z"}}, {"model": "core.activitylog", "pk": 230, "fields": {"user": 2, "action": "create", "object_type": "DealItem", "object_id": 21, "description": "Добавлена позиция в сделку ORD-20250729-0008: Двухсторонний блэкаут (Китайский) (106)", "timestamp": "2025-07-29T14:54:08.651Z"}}]